"Id"	"Runs"	"AgentCount"	"RedAgentPercentage"	"Stage1Rounds"	"Stage1Mode"	"Stage2Rounds"	"Stage2Mode"	"HawkPortion"	"PayoffReward"	"PayoffCost"	"FirstRoundHawkCountAvg"	"FirstRoundDoveCountAvg"	"FirstSeparationOfColors_Avg"	"FirstSeparationOfColors_Min"	"FirstSeparationOfColors_Max"	"FirstSeparationOfColors_Count"	"FirstSeparationOfColors_P"	"FirstSeparationOfColors_DominatedByRed_Count"	"FirstSeparationOfColors_DominatedByRed_P"	"FirstSeparationOfColors_DominatedByBlue_Count"	"FirstSeparationOfColors_DominatedByBlue_P"	"FirstSeparationOfColors_DominatedByNone_Count"	"FirstSeparationOfColors_DominatedByNone_P"	"LastRoundSeparationOfColors_DominatedByRed_Count"	"LastRoundSeparationOfColors_DominatedByRed_P"	"LastRoundSeparationOfColors_DominatedByBlue_Count"	"LastRoundSeparationOfColors_DominatedByBlue_P"	"LastRoundSeparationOfColors_DominatedByNone_Count"	"LastRoundSeparationOfColors_DominatedByNone_P"
"rerun_june2021"	"2000"	"200"	"10"	"0"	"None"	"250"	"stage2_dove"	"0.1"	"10"	"100"	"52.372"	"147.628"	"2.9805"	"2"	"7"	"2000"	"1"	"0"	"0"	"2000"	"1"	"0"	"0"	"0"	"0"	"2000"	"1"	"0"	"0"
"rerun_june2021"	"2000"	"200"	"10"	"0"	"None"	"250"	"stage2_dove"	"0.2"	"10"	"50"	"69.033"	"130.967"	"2.9195"	"2"	"6"	"2000"	"1"	"0"	"0"	"2000"	"1"	"0"	"0"	"0"	"0"	"2000"	"1"	"0"	"0"
"rerun_june2021"	"2000"	"200"	"10"	"0"	"None"	"250"	"stage2_dove"	"0.3"	"10"	"33.333333333333336"	"85.407"	"114.593"	"2.941"	"2"	"7"	"2000"	"1"	"0"	"0"	"2000"	"1"	"0"	"0"	"0"	"0"	"2000"	"1"	"0"	"0"
"rerun_june2021"	"2000"	"200"	"10"	"0"	"None"	"250"	"stage2_dove"	"0.4"	"10"	"25"	"101.8125"	"98.1875"	"3.0005"	"2"	"11"	"2000"	"1"	"0"	"0"	"2000"	"1"	"0"	"0"	"0"	"0"	"2000"	"1"	"0"	"0"
"rerun_june2021"	"2000"	"200"	"10"	"0"	"None"	"250"	"stage2_dove"	"0.5"	"10"	"20"	"118.05"	"81.95"	"3.513"	"2"	"11"	"2000"	"1"	"0"	"0"	"2000"	"1"	"0"	"0"	"0"	"0"	"2000"	"1"	"0"	"0"
"rerun_june2021"	"2000"	"200"	"10"	"0"	"None"	"250"	"stage2_dove"	"0.6"	"10"	"16.666666666666668"	"134.389"	"65.611"	"4.065"	"2"	"15"	"2000"	"1"	"0"	"0"	"2000"	"1"	"0"	"0"	"0"	"0"	"2000"	"1"	"0"	"0"
"rerun_june2021"	"2000"	"200"	"10"	"0"	"None"	"250"	"stage2_dove"	"0.7"	"10"	"14.285714285714286"	"150.9625"	"49.0375"	"5.807"	"2"	"24"	"2000"	"1"	"0"	"0"	"2000"	"1"	"0"	"0"	"0"	"0"	"2000"	"1"	"0"	"0"
"rerun_june2021"	"2000"	"200"	"10"	"0"	"None"	"250"	"stage2_dove"	"0.8"	"10"	"12.5"	"167.149"	"32.851"	"13.244"	"2"	"70"	"2000"	"1"	"0"	"0"	"2000"	"1"	"0"	"0"	"0"	"0"	"2000"	"1"	"0"	"0"
"rerun_june2021"	"2000"	"200"	"10"	"0"	"None"	"250"	"stage2_dove"	"0.9"	"10"	"11.11111111111111"	"183.55"	"16.45"	"85.3680800942285"	"2"	"250"	"1698"	"0.849"	"609"	"0.3045"	"1089"	"0.5445"	"302"	"0.151"	"225"	"0.1125"	"427"	"0.2135"	"1348"	"0.674"
"rerun_june2021"	"2000"	"200"	"20"	"0"	"None"	"250"	"stage2_dove"	"0.1"	"10"	"100"	"77.7545"	"122.2455"	"4.7025"	"2"	"10"	"2000"	"1"	"0"	"0"	"2000"	"1"	"0"	"0"	"0"	"0"	"2000"	"1"	"0"	"0"
"rerun_june2021"	"2000"	"200"	"20"	"0"	"None"	"250"	"stage2_dove"	"0.2"	"10"	"50"	"91.423"	"108.577"	"4.6405"	"2"	"11"	"2000"	"1"	"0"	"0"	"2000"	"1"	"0"	"0"	"0"	"0"	"2000"	"1"	"0"	"0"
"rerun_june2021"	"2000"	"200"	"20"	"0"	"None"	"250"	"stage2_dove"	"0.3"	"10"	"33.333333333333336"	"105.0295"	"94.9705"	"4.884"	"2"	"13"	"2000"	"1"	"0"	"0"	"2000"	"1"	"0"	"0"	"0"	"0"	"2000"	"1"	"0"	"0"
"rerun_june2021"	"2000"	"200"	"20"	"0"	"None"	"250"	"stage2_dove"	"0.4"	"10"	"25"	"118.4955"	"81.5045"	"6.2365"	"2"	"18"	"2000"	"1"	"0"	"0"	"2000"	"1"	"0"	"0"	"0"	"0"	"2000"	"1"	"0"	"0"
"rerun_june2021"	"2000"	"200"	"20"	"0"	"None"	"250"	"stage2_dove"	"0.5"	"10"	"20"	"132.142"	"67.858"	"8.8285"	"2"	"19"	"2000"	"1"	"0"	"0"	"2000"	"1"	"0"	"0"	"0"	"0"	"2000"	"1"	"0"	"0"
"rerun_june2021"	"2000"	"200"	"20"	"0"	"None"	"250"	"stage2_dove"	"0.6"	"10"	"16.666666666666668"	"145.732"	"54.268"	"11.627"	"2"	"25"	"2000"	"1"	"0"	"0"	"2000"	"1"	"0"	"0"	"0"	"0"	"2000"	"1"	"0"	"0"
"rerun_june2021"	"2000"	"200"	"20"	"0"	"None"	"250"	"stage2_dove"	"0.7"	"10"	"14.285714285714286"	"159.336"	"40.664"	"18.8905"	"2"	"37"	"2000"	"1"	"0"	"0"	"2000"	"1"	"0"	"0"	"0"	"0"	"2000"	"1"	"0"	"0"
"rerun_june2021"	"2000"	"200"	"20"	"0"	"None"	"250"	"stage2_dove"	"0.8"	"10"	"12.5"	"172.864"	"27.136"	"39.556"	"2"	"82"	"2000"	"1"	"0"	"0"	"2000"	"1"	"0"	"0"	"0"	"0"	"2000"	"1"	"0"	"0"
"rerun_june2021"	"2000"	"200"	"20"	"0"	"None"	"250"	"stage2_dove"	"0.9"	"10"	"11.11111111111111"	"186.515"	"13.485"	"163.45449649973074"	"2"	"250"	"1857"	"0.9285"	"1693"	"0.8465"	"164"	"0.082"	"143"	"0.0715"	"1256"	"0.628"	"142"	"0.071"	"602"	"0.301"
"rerun_june2021"	"2000"	"200"	"30"	"0"	"None"	"250"	"stage2_dove"	"0.1"	"10"	"100"	"96.011"	"103.989"	"7.1315"	"3"	"15"	"2000"	"1"	"0"	"0"	"2000"	"1"	"0"	"0"	"0"	"0"	"2000"	"1"	"0"	"0"
"rerun_june2021"	"2000"	"200"	"30"	"0"	"None"	"250"	"stage2_dove"	"0.2"	"10"	"50"	"107.15"	"92.85"	"7.7095"	"3"	"23"	"2000"	"1"	"0"	"0"	"2000"	"1"	"0"	"0"	"0"	"0"	"2000"	"1"	"0"	"0"
"rerun_june2021"	"2000"	"200"	"30"	"0"	"None"	"250"	"stage2_dove"	"0.3"	"10"	"33.333333333333336"	"119.3055"	"80.6945"	"10.056"	"3"	"21"	"2000"	"1"	"0"	"0"	"2000"	"1"	"0"	"0"	"0"	"0"	"2000"	"1"	"0"	"0"
"rerun_june2021"	"2000"	"200"	"30"	"0"	"None"	"250"	"stage2_dove"	"0.4"	"10"	"25"	"130.658"	"69.342"	"12.943"	"3"	"21"	"2000"	"1"	"0"	"0"	"2000"	"1"	"0"	"0"	"0"	"0"	"2000"	"1"	"0"	"0"
"rerun_june2021"	"2000"	"200"	"30"	"0"	"None"	"250"	"stage2_dove"	"0.5"	"10"	"20"	"142.247"	"57.753"	"15.7455"	"5"	"28"	"2000"	"1"	"0"	"0"	"2000"	"1"	"0"	"0"	"0"	"0"	"2000"	"1"	"0"	"0"
"rerun_june2021"	"2000"	"200"	"30"	"0"	"None"	"250"	"stage2_dove"	"0.6"	"10"	"16.666666666666668"	"153.812"	"46.188"	"18.366"	"9"	"31"	"2000"	"1"	"0"	"0"	"2000"	"1"	"0"	"0"	"0"	"0"	"2000"	"1"	"0"	"0"
"rerun_june2021"	"2000"	"200"	"30"	"0"	"None"	"250"	"stage2_dove"	"0.7"	"10"	"14.285714285714286"	"165.2885"	"34.7115"	"26.3115"	"15"	"51"	"2000"	"1"	"0"	"0"	"2000"	"1"	"0"	"0"	"0"	"0"	"2000"	"1"	"0"	"0"
"rerun_june2021"	"2000"	"200"	"30"	"0"	"None"	"250"	"stage2_dove"	"0.8"	"10"	"12.5"	"176.7725"	"23.2275"	"52.3135"	"29"	"192"	"2000"	"1"	"3"	"0.0015"	"1997"	"0.9985"	"0"	"0"	"3"	"0.0015"	"1997"	"0.9985"	"0"	"0"
"rerun_june2021"	"2000"	"200"	"30"	"0"	"None"	"250"	"stage2_dove"	"0.9"	"10"	"11.11111111111111"	"188.58"	"11.42"	"156.39915966386553"	"78"	"250"	"1904"	"0.952"	"1666"	"0.833"	"238"	"0.119"	"96"	"0.048"	"1459"	"0.7295"	"217"	"0.1085"	"324"	"0.162"
"rerun_june2021"	"2000"	"200"	"40"	"0"	"None"	"250"	"stage2_dove"	"0.1"	"10"	"100"	"106.577"	"93.423"	"12.479"	"5"	"29"	"2000"	"1"	"0"	"0"	"2000"	"1"	"0"	"0"	"0"	"0"	"2000"	"1"	"0"	"0"
"rerun_june2021"	"2000"	"200"	"40"	"0"	"None"	"250"	"stage2_dove"	"0.2"	"10"	"50"	"117.3795"	"82.6205"	"17.396"	"5"	"28"	"2000"	"1"	"0"	"0"	"2000"	"1"	"0"	"0"	"0"	"0"	"2000"	"1"	"0"	"0"
"rerun_june2021"	"2000"	"200"	"40"	"0"	"None"	"250"	"stage2_dove"	"0.3"	"10"	"33.333333333333336"	"127.505"	"72.495"	"19.468"	"5"	"30"	"2000"	"1"	"0"	"0"	"2000"	"1"	"0"	"0"	"0"	"0"	"2000"	"1"	"0"	"0"
"rerun_june2021"	"2000"	"200"	"40"	"0"	"None"	"250"	"stage2_dove"	"0.4"	"10"	"25"	"137.835"	"62.165"	"20.97"	"12"	"35"	"2000"	"1"	"0"	"0"	"2000"	"1"	"0"	"0"	"0"	"0"	"2000"	"1"	"0"	"0"
"rerun_june2021"	"2000"	"200"	"40"	"0"	"None"	"250"	"stage2_dove"	"0.5"	"10"	"20"	"148.315"	"51.685"	"24.283"	"15"	"41"	"2000"	"1"	"0"	"0"	"2000"	"1"	"0"	"0"	"0"	"0"	"2000"	"1"	"0"	"0"
"rerun_june2021"	"2000"	"200"	"40"	"0"	"None"	"250"	"stage2_dove"	"0.6"	"10"	"16.666666666666668"	"158.717"	"41.283"	"27.8675"	"15"	"55"	"2000"	"1"	"0"	"0"	"2000"	"1"	"0"	"0"	"0"	"0"	"2000"	"1"	"0"	"0"
"rerun_june2021"	"2000"	"200"	"40"	"0"	"None"	"250"	"stage2_dove"	"0.7"	"10"	"14.285714285714286"	"168.8315"	"31.1685"	"38.557"	"21"	"130"	"2000"	"1"	"3"	"0.0015"	"1997"	"0.9985"	"0"	"0"	"3"	"0.0015"	"1997"	"0.9985"	"0"	"0"
"rerun_june2021"	"2000"	"200"	"40"	"0"	"None"	"250"	"stage2_dove"	"0.8"	"10"	"12.5"	"179.246"	"20.754"	"73.47397397397397"	"36"	"242"	"1998"	"0.999"	"162"	"0.081"	"1836"	"0.918"	"2"	"0.001"	"158"	"0.079"	"1835"	"0.9175"	"7"	"0.0035"
"rerun_june2021"	"2000"	"200"	"40"	"0"	"None"	"250"	"stage2_dove"	"0.9"	"10"	"11.11111111111111"	"189.606"	"10.394"	"156.1977906365071"	"75"	"250"	"1901"	"0.9505"	"1342"	"0.671"	"559"	"0.2795"	"99"	"0.0495"	"1239"	"0.6195"	"525"	"0.2625"	"236"	"0.118"
"rerun_june2021"	"2000"	"200"	"50"	"0"	"None"	"250"	"stage2_dove"	"0.1"	"10"	"100"	"110.498"	"89.502"	"79.86222444889779"	"9"	"239"	"1996"	"0.998"	"988"	"0.494"	"1008"	"0.504"	"4"	"0.002"	"983"	"0.4915"	"1008"	"0.504"	"9"	"0.0045"
"rerun_june2021"	"2000"	"200"	"50"	"0"	"None"	"250"	"stage2_dove"	"0.2"	"10"	"50"	"120.4735"	"79.5265"	"64.26763381690846"	"24"	"217"	"1999"	"0.9995"	"977"	"0.4885"	"1022"	"0.511"	"1"	"0.0005"	"977"	"0.4885"	"1022"	"0.511"	"1"	"0.0005"
"rerun_june2021"	"2000"	"200"	"50"	"0"	"None"	"250"	"stage2_dove"	"0.3"	"10"	"33.333333333333336"	"130.3535"	"69.6465"	"57.3295"	"24"	"211"	"2000"	"1"	"1061"	"0.5305"	"939"	"0.4695"	"0"	"0"	"1061"	"0.5305"	"939"	"0.4695"	"0"	"0"
"rerun_june2021"	"2000"	"200"	"50"	"0"	"None"	"250"	"stage2_dove"	"0.4"	"10"	"25"	"139.95"	"60.05"	"54.55"	"27"	"196"	"2000"	"1"	"962"	"0.481"	"1038"	"0.519"	"0"	"0"	"962"	"0.481"	"1038"	"0.519"	"0"	"0"
"rerun_june2021"	"2000"	"200"	"50"	"0"	"None"	"250"	"stage2_dove"	"0.5"	"10"	"20"	"150.336"	"49.664"	"54.523"	"24"	"244"	"2000"	"1"	"954"	"0.477"	"1046"	"0.523"	"0"	"0"	"954"	"0.477"	"1046"	"0.523"	"0"	"0"
"rerun_june2021"	"2000"	"200"	"50"	"0"	"None"	"250"	"stage2_dove"	"0.6"	"10"	"16.666666666666668"	"160.241"	"39.759"	"59.93296648324162"	"26"	"187"	"1999"	"0.9995"	"979"	"0.4895"	"1020"	"0.51"	"1"	"0.0005"	"979"	"0.4895"	"1020"	"0.51"	"1"	"0.0005"
"rerun_june2021"	"2000"	"200"	"50"	"0"	"None"	"250"	"stage2_dove"	"0.7"	"10"	"14.285714285714286"	"170.099"	"29.901"	"70.57578789394698"	"30"	"236"	"1999"	"0.9995"	"983"	"0.4915"	"1016"	"0.508"	"1"	"0.0005"	"983"	"0.4915"	"1016"	"0.508"	"1"	"0.0005"
"rerun_june2021"	"2000"	"200"	"50"	"0"	"None"	"250"	"stage2_dove"	"0.8"	"10"	"12.5"	"180.1285"	"19.8715"	"93.74411617426139"	"47"	"238"	"1997"	"0.9985"	"1025"	"0.5125"	"972"	"0.486"	"3"	"0.0015"	"1022"	"0.511"	"971"	"0.4855"	"7"	"0.0035"
"rerun_june2021"	"2000"	"200"	"50"	"0"	"None"	"250"	"stage2_dove"	"0.9"	"10"	"11.11111111111111"	"190.086"	"9.914"	"156.34343434343435"	"77"	"250"	"1881"	"0.9405"	"928"	"0.464"	"953"	"0.4765"	"119"	"0.0595"	"864"	"0.432"	"874"	"0.437"	"262"	"0.131"
"rerun_june2021"	"2000"	"200"	"60"	"0"	"None"	"250"	"stage2_dove"	"0.1"	"10"	"100"	"106.588"	"93.412"	"12.532"	"5"	"32"	"2000"	"1"	"2000"	"1"	"0"	"0"	"0"	"0"	"2000"	"1"	"0"	"0"	"0"	"0"
"rerun_june2021"	"2000"	"200"	"60"	"0"	"None"	"250"	"stage2_dove"	"0.2"	"10"	"50"	"116.968"	"83.032"	"17.3575"	"5"	"30"	"2000"	"1"	"2000"	"1"	"0"	"0"	"0"	"0"	"2000"	"1"	"0"	"0"	"0"	"0"
"rerun_june2021"	"2000"	"200"	"60"	"0"	"None"	"250"	"stage2_dove"	"0.3"	"10"	"33.333333333333336"	"127.5625"	"72.4375"	"19.3215"	"9"	"30"	"2000"	"1"	"2000"	"1"	"0"	"0"	"0"	"0"	"2000"	"1"	"0"	"0"	"0"	"0"
"rerun_june2021"	"2000"	"200"	"60"	"0"	"None"	"250"	"stage2_dove"	"0.4"	"10"	"25"	"137.8965"	"62.1035"	"21.0325"	"12"	"34"	"2000"	"1"	"2000"	"1"	"0"	"0"	"0"	"0"	"2000"	"1"	"0"	"0"	"0"	"0"
"rerun_june2021"	"2000"	"200"	"60"	"0"	"None"	"250"	"stage2_dove"	"0.5"	"10"	"20"	"148.5555"	"51.4445"	"24.5925"	"13"	"40"	"2000"	"1"	"2000"	"1"	"0"	"0"	"0"	"0"	"2000"	"1"	"0"	"0"	"0"	"0"
"rerun_june2021"	"2000"	"200"	"60"	"0"	"None"	"250"	"stage2_dove"	"0.6"	"10"	"16.666666666666668"	"158.583"	"41.417"	"27.86"	"16"	"58"	"2000"	"1"	"2000"	"1"	"0"	"0"	"0"	"0"	"2000"	"1"	"0"	"0"	"0"	"0"
"rerun_june2021"	"2000"	"200"	"60"	"0"	"None"	"250"	"stage2_dove"	"0.7"	"10"	"14.285714285714286"	"168.8215"	"31.1785"	"38.3005"	"22"	"122"	"2000"	"1"	"1998"	"0.999"	"2"	"0.001"	"0"	"0"	"1998"	"0.999"	"2"	"0.001"	"0"	"0"
"rerun_june2021"	"2000"	"200"	"60"	"0"	"None"	"250"	"stage2_dove"	"0.8"	"10"	"12.5"	"179.2565"	"20.7435"	"73.88683024536805"	"36"	"227"	"1997"	"0.9985"	"1837"	"0.9185"	"160"	"0.08"	"3"	"0.0015"	"1837"	"0.9185"	"160"	"0.08"	"3"	"0.0015"
"rerun_june2021"	"2000"	"200"	"60"	"0"	"None"	"250"	"stage2_dove"	"0.9"	"10"	"11.11111111111111"	"189.708"	"10.292"	"156.1716535433071"	"74"	"250"	"1905"	"0.9525"	"533"	"0.2665"	"1372"	"0.686"	"95"	"0.0475"	"492"	"0.246"	"1264"	"0.632"	"244"	"0.122"
"rerun_june2021"	"2000"	"200"	"70"	"0"	"None"	"250"	"stage2_dove"	"0.1"	"10"	"100"	"96.0245"	"103.9755"	"7.156"	"3"	"17"	"2000"	"1"	"2000"	"1"	"0"	"0"	"0"	"0"	"2000"	"1"	"0"	"0"	"0"	"0"
"rerun_june2021"	"2000"	"200"	"70"	"0"	"None"	"250"	"stage2_dove"	"0.2"	"10"	"50"	"107.391"	"92.609"	"7.5355"	"3"	"21"	"2000"	"1"	"2000"	"1"	"0"	"0"	"0"	"0"	"2000"	"1"	"0"	"0"	"0"	"0"
"rerun_june2021"	"2000"	"200"	"70"	"0"	"None"	"250"	"stage2_dove"	"0.3"	"10"	"33.333333333333336"	"119.413"	"80.587"	"10.1945"	"3"	"20"	"2000"	"1"	"2000"	"1"	"0"	"0"	"0"	"0"	"2000"	"1"	"0"	"0"	"0"	"0"
"rerun_june2021"	"2000"	"200"	"70"	"0"	"None"	"250"	"stage2_dove"	"0.4"	"10"	"25"	"130.8025"	"69.1975"	"12.971"	"3"	"23"	"2000"	"1"	"2000"	"1"	"0"	"0"	"0"	"0"	"2000"	"1"	"0"	"0"	"0"	"0"
"rerun_june2021"	"2000"	"200"	"70"	"0"	"None"	"250"	"stage2_dove"	"0.5"	"10"	"20"	"142.0105"	"57.9895"	"15.804"	"8"	"32"	"2000"	"1"	"2000"	"1"	"0"	"0"	"0"	"0"	"2000"	"1"	"0"	"0"	"0"	"0"
"rerun_june2021"	"2000"	"200"	"70"	"0"	"None"	"250"	"stage2_dove"	"0.6"	"10"	"16.666666666666668"	"154.0435"	"45.9565"	"18.5755"	"8"	"30"	"2000"	"1"	"2000"	"1"	"0"	"0"	"0"	"0"	"2000"	"1"	"0"	"0"	"0"	"0"
"rerun_june2021"	"2000"	"200"	"70"	"0"	"None"	"250"	"stage2_dove"	"0.7"	"10"	"14.285714285714286"	"165.202"	"34.798"	"26.322"	"14"	"44"	"2000"	"1"	"2000"	"1"	"0"	"0"	"0"	"0"	"2000"	"1"	"0"	"0"	"0"	"0"
"rerun_june2021"	"2000"	"200"	"70"	"0"	"None"	"250"	"stage2_dove"	"0.8"	"10"	"12.5"	"176.852"	"23.148"	"51.838919459729865"	"27"	"211"	"1999"	"0.9995"	"1992"	"0.996"	"7"	"0.0035"	"1"	"0.0005"	"1992"	"0.996"	"7"	"0.0035"	"1"	"0.0005"
"rerun_june2021"	"2000"	"200"	"70"	"0"	"None"	"250"	"stage2_dove"	"0.9"	"10"	"11.11111111111111"	"188.438"	"11.562"	"156.42291446673707"	"77"	"250"	"1894"	"0.947"	"230"	"0.115"	"1664"	"0.832"	"106"	"0.053"	"220"	"0.11"	"1471"	"0.7355"	"309"	"0.1545"
"rerun_june2021"	"2000"	"200"	"80"	"0"	"None"	"250"	"stage2_dove"	"0.1"	"10"	"100"	"77.9785"	"122.0215"	"4.6765"	"2"	"10"	"2000"	"1"	"2000"	"1"	"0"	"0"	"0"	"0"	"2000"	"1"	"0"	"0"	"0"	"0"
"rerun_june2021"	"2000"	"200"	"80"	"0"	"None"	"250"	"stage2_dove"	"0.2"	"10"	"50"	"91.385"	"108.615"	"4.677"	"2"	"12"	"2000"	"1"	"2000"	"1"	"0"	"0"	"0"	"0"	"2000"	"1"	"0"	"0"	"0"	"0"
"rerun_june2021"	"2000"	"200"	"80"	"0"	"None"	"250"	"stage2_dove"	"0.3"	"10"	"33.333333333333336"	"104.795"	"95.205"	"4.882"	"2"	"14"	"2000"	"1"	"2000"	"1"	"0"	"0"	"0"	"0"	"2000"	"1"	"0"	"0"	"0"	"0"
"rerun_june2021"	"2000"	"200"	"80"	"0"	"None"	"250"	"stage2_dove"	"0.4"	"10"	"25"	"118.424"	"81.576"	"6.332"	"2"	"16"	"2000"	"1"	"2000"	"1"	"0"	"0"	"0"	"0"	"2000"	"1"	"0"	"0"	"0"	"0"
"rerun_june2021"	"2000"	"200"	"80"	"0"	"None"	"250"	"stage2_dove"	"0.5"	"10"	"20"	"132.464"	"67.536"	"8.842"	"2"	"20"	"2000"	"1"	"2000"	"1"	"0"	"0"	"0"	"0"	"2000"	"1"	"0"	"0"	"0"	"0"
"rerun_june2021"	"2000"	"200"	"80"	"0"	"None"	"250"	"stage2_dove"	"0.6"	"10"	"16.666666666666668"	"145.7615"	"54.2385"	"11.468"	"2"	"23"	"2000"	"1"	"2000"	"1"	"0"	"0"	"0"	"0"	"2000"	"1"	"0"	"0"	"0"	"0"
"rerun_june2021"	"2000"	"200"	"80"	"0"	"None"	"250"	"stage2_dove"	"0.7"	"10"	"14.285714285714286"	"159.505"	"40.495"	"19.0165"	"2"	"33"	"2000"	"1"	"2000"	"1"	"0"	"0"	"0"	"0"	"2000"	"1"	"0"	"0"	"0"	"0"
"rerun_june2021"	"2000"	"200"	"80"	"0"	"None"	"250"	"stage2_dove"	"0.8"	"10"	"12.5"	"172.767"	"27.233"	"39.4185"	"2"	"94"	"2000"	"1"	"2000"	"1"	"0"	"0"	"0"	"0"	"2000"	"1"	"0"	"0"	"0"	"0"
"rerun_june2021"	"2000"	"200"	"80"	"0"	"None"	"250"	"stage2_dove"	"0.9"	"10"	"11.11111111111111"	"186.192"	"13.808"	"164.06655931293614"	"2"	"250"	"1863"	"0.9315"	"159"	"0.0795"	"1704"	"0.852"	"137"	"0.0685"	"129"	"0.0645"	"1243"	"0.6215"	"628"	"0.314"
"rerun_june2021"	"2000"	"200"	"90"	"0"	"None"	"250"	"stage2_dove"	"0.1"	"10"	"100"	"52.4085"	"147.5915"	"2.9355"	"2"	"6"	"2000"	"1"	"2000"	"1"	"0"	"0"	"0"	"0"	"2000"	"1"	"0"	"0"	"0"	"0"
"rerun_june2021"	"2000"	"200"	"90"	"0"	"None"	"250"	"stage2_dove"	"0.2"	"10"	"50"	"68.9865"	"131.0135"	"2.935"	"2"	"7"	"2000"	"1"	"2000"	"1"	"0"	"0"	"0"	"0"	"2000"	"1"	"0"	"0"	"0"	"0"
"rerun_june2021"	"2000"	"200"	"90"	"0"	"None"	"250"	"stage2_dove"	"0.3"	"10"	"33.333333333333336"	"85.542"	"114.458"	"2.9465"	"2"	"8"	"2000"	"1"	"2000"	"1"	"0"	"0"	"0"	"0"	"2000"	"1"	"0"	"0"	"0"	"0"
"rerun_june2021"	"2000"	"200"	"90"	"0"	"None"	"250"	"stage2_dove"	"0.4"	"10"	"25"	"101.5365"	"98.4635"	"3.0045"	"2"	"9"	"2000"	"1"	"2000"	"1"	"0"	"0"	"0"	"0"	"2000"	"1"	"0"	"0"	"0"	"0"
"rerun_june2021"	"2000"	"200"	"90"	"0"	"None"	"250"	"stage2_dove"	"0.5"	"10"	"20"	"118.4105"	"81.5895"	"3.4975"	"2"	"13"	"2000"	"1"	"2000"	"1"	"0"	"0"	"0"	"0"	"2000"	"1"	"0"	"0"	"0"	"0"
"rerun_june2021"	"2000"	"200"	"90"	"0"	"None"	"250"	"stage2_dove"	"0.6"	"10"	"16.666666666666668"	"134.5235"	"65.4765"	"4.0375"	"2"	"15"	"2000"	"1"	"2000"	"1"	"0"	"0"	"0"	"0"	"2000"	"1"	"0"	"0"	"0"	"0"
"rerun_june2021"	"2000"	"200"	"90"	"0"	"None"	"250"	"stage2_dove"	"0.7"	"10"	"14.285714285714286"	"150.739"	"49.261"	"5.822"	"2"	"27"	"2000"	"1"	"2000"	"1"	"0"	"0"	"0"	"0"	"2000"	"1"	"0"	"0"	"0"	"0"
"rerun_june2021"	"2000"	"200"	"90"	"0"	"None"	"250"	"stage2_dove"	"0.8"	"10"	"12.5"	"167.2515"	"32.7485"	"13.6655"	"2"	"62"	"2000"	"1"	"2000"	"1"	"0"	"0"	"0"	"0"	"2000"	"1"	"0"	"0"	"0"	"0"
"rerun_june2021"	"2000"	"200"	"90"	"0"	"None"	"250"	"stage2_dove"	"0.9"	"10"	"11.11111111111111"	"183.597"	"16.403"	"85.17491166077738"	"2"	"250"	"1698"	"0.849"	"1110"	"0.555"	"588"	"0.294"	"302"	"0.151"	"435"	"0.2175"	"253"	"0.1265"	"1312"	"0.656"
"rerun_june2021"	"2000"	"200"	"10"	"0"	"None"	"250"	"stage2_half"	"0.1"	"10"	"100"	"16.3445"	"183.6555"	"14.457"	"2"	"85"	"2000"	"1"	"1432"	"0.716"	"568"	"0.284"	"0"	"0"	"457"	"0.2285"	"1528"	"0.764"	"15"	"0.0075"
"rerun_june2021"	"2000"	"200"	"10"	"0"	"None"	"250"	"stage2_half"	"0.2"	"10"	"50"	"32.707"	"167.293"	"8.3965"	"2"	"33"	"2000"	"1"	"2000"	"1"	"0"	"0"	"0"	"0"	"2000"	"1"	"0"	"0"	"0"	"0"
"rerun_june2021"	"2000"	"200"	"10"	"0"	"None"	"250"	"stage2_half"	"0.3"	"10"	"33.333333333333336"	"49.002"	"150.998"	"6.719"	"2"	"23"	"2000"	"1"	"2000"	"1"	"0"	"0"	"0"	"0"	"2000"	"1"	"0"	"0"	"0"	"0"
"rerun_june2021"	"2000"	"200"	"10"	"0"	"None"	"250"	"stage2_half"	"0.4"	"10"	"25"	"65.692"	"134.308"	"6.2505"	"2"	"17"	"2000"	"1"	"2000"	"1"	"0"	"0"	"0"	"0"	"2000"	"1"	"0"	"0"	"0"	"0"
"rerun_june2021"	"2000"	"200"	"10"	"0"	"None"	"250"	"stage2_half"	"0.5"	"10"	"20"	"99.9925"	"100.0075"	"53.959979989995"	"6"	"237"	"1999"	"0.9995"	"984"	"0.492"	"1015"	"0.5075"	"1"	"0.0005"	"979"	"0.4895"	"1015"	"0.5075"	"6"	"0.003"
"rerun_june2021"	"2000"	"200"	"10"	"0"	"None"	"250"	"stage2_half"	"0.6"	"10"	"16.666666666666668"	"134.569"	"65.431"	"4.095"	"2"	"17"	"2000"	"1"	"0"	"0"	"2000"	"1"	"0"	"0"	"0"	"0"	"2000"	"1"	"0"	"0"
"rerun_june2021"	"2000"	"200"	"10"	"0"	"None"	"250"	"stage2_half"	"0.7"	"10"	"14.285714285714286"	"150.8785"	"49.1215"	"5.7215"	"2"	"26"	"2000"	"1"	"0"	"0"	"2000"	"1"	"0"	"0"	"0"	"0"	"2000"	"1"	"0"	"0"
"rerun_june2021"	"2000"	"200"	"10"	"0"	"None"	"250"	"stage2_half"	"0.8"	"10"	"12.5"	"167.275"	"32.725"	"13.7705"	"2"	"58"	"2000"	"1"	"0"	"0"	"2000"	"1"	"0"	"0"	"0"	"0"	"2000"	"1"	"0"	"0"
"rerun_june2021"	"2000"	"200"	"10"	"0"	"None"	"250"	"stage2_half"	"0.9"	"10"	"11.11111111111111"	"183.567"	"16.433"	"89.59432870370371"	"2"	"250"	"1728"	"0.864"	"657"	"0.3285"	"1071"	"0.5355"	"272"	"0.136"	"234"	"0.117"	"401"	"0.2005"	"1365"	"0.6825"
"rerun_june2021"	"2000"	"200"	"20"	"0"	"None"	"250"	"stage2_half"	"0.1"	"10"	"100"	"13.6125"	"186.3875"	"38.7695"	"2"	"202"	"2000"	"1"	"204"	"0.102"	"1796"	"0.898"	"0"	"0"	"158"	"0.079"	"1839"	"0.9195"	"3"	"0.0015"
"rerun_june2021"	"2000"	"200"	"20"	"0"	"None"	"250"	"stage2_half"	"0.2"	"10"	"50"	"27.1565"	"172.8435"	"24.442"	"2"	"59"	"2000"	"1"	"1999"	"0.9995"	"1"	"0.0005"	"0"	"0"	"1999"	"0.9995"	"1"	"0.0005"	"0"	"0"
"rerun_june2021"	"2000"	"200"	"20"	"0"	"None"	"250"	"stage2_half"	"0.3"	"10"	"33.333333333333336"	"40.6655"	"159.3345"	"16.528"	"2"	"27"	"2000"	"1"	"2000"	"1"	"0"	"0"	"0"	"0"	"2000"	"1"	"0"	"0"	"0"	"0"
"rerun_june2021"	"2000"	"200"	"20"	"0"	"None"	"250"	"stage2_half"	"0.4"	"10"	"25"	"54.238"	"145.762"	"14.6855"	"4"	"27"	"2000"	"1"	"2000"	"1"	"0"	"0"	"0"	"0"	"2000"	"1"	"0"	"0"	"0"	"0"
"rerun_june2021"	"2000"	"200"	"20"	"0"	"None"	"250"	"stage2_half"	"0.5"	"10"	"20"	"99.953"	"100.047"	"48.983"	"16"	"235"	"2000"	"1"	"954"	"0.477"	"1046"	"0.523"	"0"	"0"	"954"	"0.477"	"1046"	"0.523"	"0"	"0"
"rerun_june2021"	"2000"	"200"	"20"	"0"	"None"	"250"	"stage2_half"	"0.6"	"10"	"16.666666666666668"	"145.5695"	"54.4305"	"11.4005"	"2"	"26"	"2000"	"1"	"0"	"0"	"2000"	"1"	"0"	"0"	"0"	"0"	"2000"	"1"	"0"	"0"
"rerun_june2021"	"2000"	"200"	"20"	"0"	"None"	"250"	"stage2_half"	"0.7"	"10"	"14.285714285714286"	"159.388"	"40.612"	"18.867"	"2"	"36"	"2000"	"1"	"0"	"0"	"2000"	"1"	"0"	"0"	"0"	"0"	"2000"	"1"	"0"	"0"
"rerun_june2021"	"2000"	"200"	"20"	"0"	"None"	"250"	"stage2_half"	"0.8"	"10"	"12.5"	"172.741"	"27.259"	"38.8395"	"2"	"125"	"2000"	"1"	"0"	"0"	"2000"	"1"	"0"	"0"	"0"	"0"	"2000"	"1"	"0"	"0"
"rerun_june2021"	"2000"	"200"	"20"	"0"	"None"	"250"	"stage2_half"	"0.9"	"10"	"11.11111111111111"	"186.347"	"13.653"	"164.43567567567567"	"2"	"250"	"1850"	"0.925"	"1661"	"0.8305"	"189"	"0.0945"	"150"	"0.075"	"1195"	"0.5975"	"161"	"0.0805"	"644"	"0.322"
"rerun_june2021"	"2000"	"200"	"30"	"0"	"None"	"250"	"stage2_half"	"0.1"	"10"	"100"	"11.5485"	"188.4515"	"49.528"	"10"	"219"	"2000"	"1"	"267"	"0.1335"	"1733"	"0.8665"	"0"	"0"	"255"	"0.1275"	"1743"	"0.8715"	"2"	"0.001"
"rerun_june2021"	"2000"	"200"	"30"	"0"	"None"	"250"	"stage2_half"	"0.2"	"10"	"50"	"22.9855"	"177.0145"	"31.3615"	"10"	"199"	"2000"	"1"	"1990"	"0.995"	"10"	"0.005"	"0"	"0"	"1990"	"0.995"	"10"	"0.005"	"0"	"0"
"rerun_june2021"	"2000"	"200"	"30"	"0"	"None"	"250"	"stage2_half"	"0.3"	"10"	"33.333333333333336"	"34.4935"	"165.5065"	"20.736"	"9"	"35"	"2000"	"1"	"2000"	"1"	"0"	"0"	"0"	"0"	"2000"	"1"	"0"	"0"	"0"	"0"
"rerun_june2021"	"2000"	"200"	"30"	"0"	"None"	"250"	"stage2_half"	"0.4"	"10"	"25"	"46.1635"	"153.8365"	"18.827"	"7"	"29"	"2000"	"1"	"2000"	"1"	"0"	"0"	"0"	"0"	"2000"	"1"	"0"	"0"	"0"	"0"
"rerun_june2021"	"2000"	"200"	"30"	"0"	"None"	"250"	"stage2_half"	"0.5"	"10"	"20"	"100.113"	"99.887"	"47.106"	"16"	"227"	"2000"	"1"	"985"	"0.4925"	"1015"	"0.5075"	"0"	"0"	"985"	"0.4925"	"1015"	"0.5075"	"0"	"0"
"rerun_june2021"	"2000"	"200"	"30"	"0"	"None"	"250"	"stage2_half"	"0.6"	"10"	"16.666666666666668"	"153.678"	"46.322"	"18.329"	"8"	"31"	"2000"	"1"	"0"	"0"	"2000"	"1"	"0"	"0"	"0"	"0"	"2000"	"1"	"0"	"0"
"rerun_june2021"	"2000"	"200"	"30"	"0"	"None"	"250"	"stage2_half"	"0.7"	"10"	"14.285714285714286"	"165.315"	"34.685"	"26.4175"	"15"	"47"	"2000"	"1"	"0"	"0"	"2000"	"1"	"0"	"0"	"0"	"0"	"2000"	"1"	"0"	"0"
"rerun_june2021"	"2000"	"200"	"30"	"0"	"None"	"250"	"stage2_half"	"0.8"	"10"	"12.5"	"176.926"	"23.074"	"52.1475"	"2"	"170"	"2000"	"1"	"7"	"0.0035"	"1993"	"0.9965"	"0"	"0"	"7"	"0.0035"	"1993"	"0.9965"	"0"	"0"
"rerun_june2021"	"2000"	"200"	"30"	"0"	"None"	"250"	"stage2_half"	"0.9"	"10"	"11.11111111111111"	"188.3805"	"11.6195"	"156.065893516078"	"78"	"250"	"1897"	"0.9485"	"1660"	"0.83"	"237"	"0.1185"	"103"	"0.0515"	"1465"	"0.7325"	"223"	"0.1115"	"312"	"0.156"
"rerun_june2021"	"2000"	"200"	"40"	"0"	"None"	"250"	"stage2_half"	"0.1"	"10"	"100"	"10.3025"	"189.6975"	"61.04809619238477"	"11"	"243"	"1996"	"0.998"	"550"	"0.275"	"1446"	"0.723"	"4"	"0.002"	"545"	"0.2725"	"1446"	"0.723"	"9"	"0.0045"
"rerun_june2021"	"2000"	"200"	"40"	"0"	"None"	"250"	"stage2_half"	"0.2"	"10"	"50"	"20.7085"	"179.2915"	"43.927"	"14"	"200"	"2000"	"1"	"1824"	"0.912"	"176"	"0.088"	"0"	"0"	"1824"	"0.912"	"176"	"0.088"	"0"	"0"
"rerun_june2021"	"2000"	"200"	"40"	"0"	"None"	"250"	"stage2_half"	"0.3"	"10"	"33.333333333333336"	"31.145"	"168.855"	"28.528"	"15"	"102"	"2000"	"1"	"1999"	"0.9995"	"1"	"0.0005"	"0"	"0"	"1999"	"0.9995"	"1"	"0.0005"	"0"	"0"
"rerun_june2021"	"2000"	"200"	"40"	"0"	"None"	"250"	"stage2_half"	"0.4"	"10"	"25"	"41.612"	"158.388"	"25.1335"	"14"	"53"	"2000"	"1"	"2000"	"1"	"0"	"0"	"0"	"0"	"2000"	"1"	"0"	"0"	"0"	"0"
"rerun_june2021"	"2000"	"200"	"40"	"0"	"None"	"250"	"stage2_half"	"0.5"	"10"	"20"	"100.041"	"99.959"	"44.944"	"17"	"151"	"2000"	"1"	"998"	"0.499"	"1002"	"0.501"	"0"	"0"	"998"	"0.499"	"1002"	"0.501"	"0"	"0"
"rerun_june2021"	"2000"	"200"	"40"	"0"	"None"	"250"	"stage2_half"	"0.6"	"10"	"16.666666666666668"	"158.4915"	"41.5085"	"28.0075"	"17"	"54"	"2000"	"1"	"0"	"0"	"2000"	"1"	"0"	"0"	"0"	"0"	"2000"	"1"	"0"	"0"
"rerun_june2021"	"2000"	"200"	"40"	"0"	"None"	"250"	"stage2_half"	"0.7"	"10"	"14.285714285714286"	"168.8955"	"31.1045"	"38.419"	"23"	"89"	"2000"	"1"	"0"	"0"	"2000"	"1"	"0"	"0"	"0"	"0"	"2000"	"1"	"0"	"0"
"rerun_june2021"	"2000"	"200"	"40"	"0"	"None"	"250"	"stage2_half"	"0.8"	"10"	"12.5"	"179.372"	"20.628"	"72.2045"	"39"	"244"	"2000"	"1"	"150"	"0.075"	"1850"	"0.925"	"0"	"0"	"149"	"0.0745"	"1848"	"0.924"	"3"	"0.0015"
"rerun_june2021"	"2000"	"200"	"40"	"0"	"None"	"250"	"stage2_half"	"0.9"	"10"	"11.11111111111111"	"189.624"	"10.376"	"156.63467656415693"	"77"	"250"	"1886"	"0.943"	"1347"	"0.6735"	"539"	"0.2695"	"114"	"0.057"	"1240"	"0.62"	"504"	"0.252"	"256"	"0.128"
"rerun_june2021"	"2000"	"200"	"50"	"0"	"None"	"250"	"stage2_half"	"0.1"	"10"	"100"	"9.9255"	"190.0745"	"64.29293940911367"	"13"	"250"	"1997"	"0.9985"	"958"	"0.479"	"1039"	"0.5195"	"3"	"0.0015"	"958"	"0.479"	"1034"	"0.517"	"8"	"0.004"
"rerun_june2021"	"2000"	"200"	"50"	"0"	"None"	"250"	"stage2_half"	"0.2"	"10"	"50"	"19.795"	"180.205"	"55.762"	"17"	"235"	"2000"	"1"	"1029"	"0.5145"	"971"	"0.4855"	"0"	"0"	"1029"	"0.5145"	"970"	"0.485"	"1"	"0.0005"
"rerun_june2021"	"2000"	"200"	"50"	"0"	"None"	"250"	"stage2_half"	"0.3"	"10"	"33.333333333333336"	"29.8865"	"170.1135"	"52.986"	"23"	"217"	"2000"	"1"	"991"	"0.4955"	"1009"	"0.5045"	"0"	"0"	"991"	"0.4955"	"1009"	"0.5045"	"0"	"0"
"rerun_june2021"	"2000"	"200"	"50"	"0"	"None"	"250"	"stage2_half"	"0.4"	"10"	"25"	"39.962"	"160.038"	"52.456"	"23"	"162"	"2000"	"1"	"994"	"0.497"	"1006"	"0.503"	"0"	"0"	"994"	"0.497"	"1006"	"0.503"	"0"	"0"
"rerun_june2021"	"2000"	"200"	"50"	"0"	"None"	"250"	"stage2_half"	"0.5"	"10"	"20"	"100.039"	"99.961"	"45.2935"	"16"	"234"	"2000"	"1"	"1022"	"0.511"	"978"	"0.489"	"0"	"0"	"1021"	"0.5105"	"978"	"0.489"	"1"	"0.0005"
"rerun_june2021"	"2000"	"200"	"50"	"0"	"None"	"250"	"stage2_half"	"0.6"	"10"	"16.666666666666668"	"160.1025"	"39.8975"	"60.0275"	"28"	"237"	"2000"	"1"	"1003"	"0.5015"	"997"	"0.4985"	"0"	"0"	"1003"	"0.5015"	"997"	"0.4985"	"0"	"0"
"rerun_june2021"	"2000"	"200"	"50"	"0"	"None"	"250"	"stage2_half"	"0.7"	"10"	"14.285714285714286"	"170.3155"	"29.6845"	"69.7055"	"30"	"242"	"2000"	"1"	"1004"	"0.502"	"996"	"0.498"	"0"	"0"	"1004"	"0.502"	"996"	"0.498"	"0"	"0"
"rerun_june2021"	"2000"	"200"	"50"	"0"	"None"	"250"	"stage2_half"	"0.8"	"10"	"12.5"	"180.1425"	"19.8575"	"93.30125313283207"	"48"	"249"	"1995"	"0.9975"	"1027"	"0.5135"	"968"	"0.484"	"5"	"0.0025"	"1024"	"0.512"	"967"	"0.4835"	"9"	"0.0045"
"rerun_june2021"	"2000"	"200"	"50"	"0"	"None"	"250"	"stage2_half"	"0.9"	"10"	"11.11111111111111"	"190.0475"	"9.9525"	"156.3751345532831"	"81"	"250"	"1858"	"0.929"	"956"	"0.478"	"902"	"0.451"	"142"	"0.071"	"895"	"0.4475"	"839"	"0.4195"	"266"	"0.133"
"rerun_june2021"	"2000"	"200"	"60"	"0"	"None"	"250"	"stage2_half"	"0.1"	"10"	"100"	"10.2755"	"189.7245"	"59.889889889889886"	"12"	"230"	"1998"	"0.999"	"1467"	"0.7335"	"531"	"0.2655"	"2"	"0.001"	"1468"	"0.734"	"525"	"0.2625"	"7"	"0.0035"
"rerun_june2021"	"2000"	"200"	"60"	"0"	"None"	"250"	"stage2_half"	"0.2"	"10"	"50"	"20.718"	"179.282"	"44.0345"	"16"	"241"	"2000"	"1"	"156"	"0.078"	"1844"	"0.922"	"0"	"0"	"156"	"0.078"	"1844"	"0.922"	"0"	"0"
"rerun_june2021"	"2000"	"200"	"60"	"0"	"None"	"250"	"stage2_half"	"0.3"	"10"	"33.333333333333336"	"31.014"	"168.986"	"28.505"	"14"	"76"	"2000"	"1"	"3"	"0.0015"	"1997"	"0.9985"	"0"	"0"	"3"	"0.0015"	"1997"	"0.9985"	"0"	"0"
"rerun_june2021"	"2000"	"200"	"60"	"0"	"None"	"250"	"stage2_half"	"0.4"	"10"	"25"	"41.369"	"158.631"	"24.9655"	"13"	"44"	"2000"	"1"	"0"	"0"	"2000"	"1"	"0"	"0"	"0"	"0"	"2000"	"1"	"0"	"0"
"rerun_june2021"	"2000"	"200"	"60"	"0"	"None"	"250"	"stage2_half"	"0.5"	"10"	"20"	"99.777"	"100.223"	"44.95"	"16"	"151"	"2000"	"1"	"1013"	"0.5065"	"987"	"0.4935"	"0"	"0"	"1013"	"0.5065"	"987"	"0.4935"	"0"	"0"
"rerun_june2021"	"2000"	"200"	"60"	"0"	"None"	"250"	"stage2_half"	"0.6"	"10"	"16.666666666666668"	"158.5525"	"41.4475"	"27.8925"	"17"	"84"	"2000"	"1"	"1999"	"0.9995"	"1"	"0.0005"	"0"	"0"	"1999"	"0.9995"	"1"	"0.0005"	"0"	"0"
"rerun_june2021"	"2000"	"200"	"60"	"0"	"None"	"250"	"stage2_half"	"0.7"	"10"	"14.285714285714286"	"168.939"	"31.061"	"38.634"	"21"	"169"	"2000"	"1"	"1994"	"0.997"	"6"	"0.003"	"0"	"0"	"1994"	"0.997"	"6"	"0.003"	"0"	"0"
"rerun_june2021"	"2000"	"200"	"60"	"0"	"None"	"250"	"stage2_half"	"0.8"	"10"	"12.5"	"179.2515"	"20.7485"	"72.71492985971943"	"37"	"234"	"1996"	"0.998"	"1836"	"0.918"	"160"	"0.08"	"4"	"0.002"	"1836"	"0.918"	"159"	"0.0795"	"5"	"0.0025"
"rerun_june2021"	"2000"	"200"	"60"	"0"	"None"	"250"	"stage2_half"	"0.9"	"10"	"11.11111111111111"	"189.6575"	"10.3425"	"157.10856838744013"	"80"	"250"	"1879"	"0.9395"	"513"	"0.2565"	"1366"	"0.683"	"121"	"0.0605"	"476"	"0.238"	"1258"	"0.629"	"266"	"0.133"
"rerun_june2021"	"2000"	"200"	"70"	"0"	"None"	"250"	"stage2_half"	"0.1"	"10"	"100"	"11.5215"	"188.4785"	"49.485985985985984"	"10"	"245"	"1998"	"0.999"	"1752"	"0.876"	"246"	"0.123"	"2"	"0.001"	"1757"	"0.8785"	"236"	"0.118"	"7"	"0.0035"
"rerun_june2021"	"2000"	"200"	"70"	"0"	"None"	"250"	"stage2_half"	"0.2"	"10"	"50"	"22.8395"	"177.1605"	"31.2475"	"13"	"137"	"2000"	"1"	"14"	"0.007"	"1986"	"0.993"	"0"	"0"	"14"	"0.007"	"1986"	"0.993"	"0"	"0"
"rerun_june2021"	"2000"	"200"	"70"	"0"	"None"	"250"	"stage2_half"	"0.3"	"10"	"33.333333333333336"	"34.8095"	"165.1905"	"20.8695"	"10"	"39"	"2000"	"1"	"0"	"0"	"2000"	"1"	"0"	"0"	"0"	"0"	"2000"	"1"	"0"	"0"
"rerun_june2021"	"2000"	"200"	"70"	"0"	"None"	"250"	"stage2_half"	"0.4"	"10"	"25"	"46.16"	"153.84"	"18.893"	"9"	"29"	"2000"	"1"	"0"	"0"	"2000"	"1"	"0"	"0"	"0"	"0"	"2000"	"1"	"0"	"0"
"rerun_june2021"	"2000"	"200"	"70"	"0"	"None"	"250"	"stage2_half"	"0.5"	"10"	"20"	"99.9865"	"100.0135"	"46.325662831415706"	"18"	"232"	"1999"	"0.9995"	"1009"	"0.5045"	"990"	"0.495"	"1"	"0.0005"	"1009"	"0.5045"	"989"	"0.4945"	"2"	"0.001"
"rerun_june2021"	"2000"	"200"	"70"	"0"	"None"	"250"	"stage2_half"	"0.6"	"10"	"16.666666666666668"	"153.716"	"46.284"	"18.448"	"8"	"30"	"2000"	"1"	"2000"	"1"	"0"	"0"	"0"	"0"	"2000"	"1"	"0"	"0"	"0"	"0"
"rerun_june2021"	"2000"	"200"	"70"	"0"	"None"	"250"	"stage2_half"	"0.7"	"10"	"14.285714285714286"	"165.4855"	"34.5145"	"26.4645"	"16"	"46"	"2000"	"1"	"2000"	"1"	"0"	"0"	"0"	"0"	"2000"	"1"	"0"	"0"	"0"	"0"
"rerun_june2021"	"2000"	"200"	"70"	"0"	"None"	"250"	"stage2_half"	"0.8"	"10"	"12.5"	"176.7385"	"23.2615"	"52.593"	"25"	"219"	"2000"	"1"	"1987"	"0.9935"	"13"	"0.0065"	"0"	"0"	"1987"	"0.9935"	"12"	"0.006"	"1"	"0.0005"
"rerun_june2021"	"2000"	"200"	"70"	"0"	"None"	"250"	"stage2_half"	"0.9"	"10"	"11.11111111111111"	"188.4975"	"11.5025"	"155.27272727272728"	"81"	"250"	"1892"	"0.946"	"234"	"0.117"	"1658"	"0.829"	"108"	"0.054"	"214"	"0.107"	"1493"	"0.7465"	"293"	"0.1465"
"rerun_june2021"	"2000"	"200"	"80"	"0"	"None"	"250"	"stage2_half"	"0.1"	"10"	"100"	"13.6465"	"186.3535"	"39.0045"	"2"	"179"	"2000"	"1"	"1802"	"0.901"	"198"	"0.099"	"0"	"0"	"1846"	"0.923"	"152"	"0.076"	"2"	"0.001"
"rerun_june2021"	"2000"	"200"	"80"	"0"	"None"	"250"	"stage2_half"	"0.2"	"10"	"50"	"27.335"	"172.665"	"24.221"	"3"	"84"	"2000"	"1"	"0"	"0"	"2000"	"1"	"0"	"0"	"0"	"0"	"2000"	"1"	"0"	"0"
"rerun_june2021"	"2000"	"200"	"80"	"0"	"None"	"250"	"stage2_half"	"0.3"	"10"	"33.333333333333336"	"40.679"	"159.321"	"16.695"	"2"	"29"	"2000"	"1"	"0"	"0"	"2000"	"1"	"0"	"0"	"0"	"0"	"2000"	"1"	"0"	"0"
"rerun_june2021"	"2000"	"200"	"80"	"0"	"None"	"250"	"stage2_half"	"0.4"	"10"	"25"	"54.269"	"145.731"	"14.8135"	"3"	"24"	"2000"	"1"	"0"	"0"	"2000"	"1"	"0"	"0"	"0"	"0"	"2000"	"1"	"0"	"0"
"rerun_june2021"	"2000"	"200"	"80"	"0"	"None"	"250"	"stage2_half"	"0.5"	"10"	"20"	"100.2365"	"99.7635"	"48.9505"	"17"	"239"	"2000"	"1"	"1014"	"0.507"	"986"	"0.493"	"0"	"0"	"1014"	"0.507"	"986"	"0.493"	"0"	"0"
"rerun_june2021"	"2000"	"200"	"80"	"0"	"None"	"250"	"stage2_half"	"0.6"	"10"	"16.666666666666668"	"145.7845"	"54.2155"	"11.3875"	"2"	"25"	"2000"	"1"	"2000"	"1"	"0"	"0"	"0"	"0"	"2000"	"1"	"0"	"0"	"0"	"0"
"rerun_june2021"	"2000"	"200"	"80"	"0"	"None"	"250"	"stage2_half"	"0.7"	"10"	"14.285714285714286"	"159.324"	"40.676"	"18.6945"	"2"	"33"	"2000"	"1"	"2000"	"1"	"0"	"0"	"0"	"0"	"2000"	"1"	"0"	"0"	"0"	"0"
"rerun_june2021"	"2000"	"200"	"80"	"0"	"None"	"250"	"stage2_half"	"0.8"	"10"	"12.5"	"172.7015"	"27.2985"	"39.1005"	"2"	"96"	"2000"	"1"	"2000"	"1"	"0"	"0"	"0"	"0"	"2000"	"1"	"0"	"0"	"0"	"0"
"rerun_june2021"	"2000"	"200"	"80"	"0"	"None"	"250"	"stage2_half"	"0.9"	"10"	"11.11111111111111"	"186.493"	"13.507"	"163.74636510500807"	"2"	"250"	"1857"	"0.9285"	"164"	"0.082"	"1693"	"0.8465"	"143"	"0.0715"	"139"	"0.0695"	"1246"	"0.623"	"615"	"0.3075"
"rerun_june2021"	"2000"	"200"	"90"	"0"	"None"	"250"	"stage2_half"	"0.1"	"10"	"100"	"16.372"	"183.628"	"15.4705"	"2"	"115"	"2000"	"1"	"603"	"0.3015"	"1397"	"0.6985"	"0"	"0"	"1541"	"0.7705"	"440"	"0.22"	"19"	"0.0095"
"rerun_june2021"	"2000"	"200"	"90"	"0"	"None"	"250"	"stage2_half"	"0.2"	"10"	"50"	"32.8285"	"167.1715"	"8.21"	"2"	"41"	"2000"	"1"	"0"	"0"	"2000"	"1"	"0"	"0"	"0"	"0"	"2000"	"1"	"0"	"0"
"rerun_june2021"	"2000"	"200"	"90"	"0"	"None"	"250"	"stage2_half"	"0.3"	"10"	"33.333333333333336"	"49.0225"	"150.9775"	"6.85"	"2"	"21"	"2000"	"1"	"0"	"0"	"2000"	"1"	"0"	"0"	"0"	"0"	"2000"	"1"	"0"	"0"
"rerun_june2021"	"2000"	"200"	"90"	"0"	"None"	"250"	"stage2_half"	"0.4"	"10"	"25"	"65.555"	"134.445"	"6.208"	"2"	"18"	"2000"	"1"	"0"	"0"	"2000"	"1"	"0"	"0"	"0"	"0"	"2000"	"1"	"0"	"0"
"rerun_june2021"	"2000"	"200"	"90"	"0"	"None"	"250"	"stage2_half"	"0.5"	"10"	"20"	"100.0895"	"99.9105"	"55.346"	"12"	"243"	"2000"	"1"	"986"	"0.493"	"1014"	"0.507"	"0"	"0"	"985"	"0.4925"	"1012"	"0.506"	"3"	"0.0015"
"rerun_june2021"	"2000"	"200"	"90"	"0"	"None"	"250"	"stage2_half"	"0.6"	"10"	"16.666666666666668"	"134.45"	"65.55"	"4.0355"	"2"	"17"	"2000"	"1"	"2000"	"1"	"0"	"0"	"0"	"0"	"2000"	"1"	"0"	"0"	"0"	"0"
"rerun_june2021"	"2000"	"200"	"90"	"0"	"None"	"250"	"stage2_half"	"0.7"	"10"	"14.285714285714286"	"150.5685"	"49.4315"	"5.7625"	"2"	"25"	"2000"	"1"	"2000"	"1"	"0"	"0"	"0"	"0"	"2000"	"1"	"0"	"0"	"0"	"0"
"rerun_june2021"	"2000"	"200"	"90"	"0"	"None"	"250"	"stage2_half"	"0.8"	"10"	"12.5"	"167.417"	"32.583"	"13.2045"	"2"	"65"	"2000"	"1"	"2000"	"1"	"0"	"0"	"0"	"0"	"2000"	"1"	"0"	"0"	"0"	"0"
"rerun_june2021"	"2000"	"200"	"90"	"0"	"None"	"250"	"stage2_half"	"0.9"	"10"	"11.11111111111111"	"183.6025"	"16.3975"	"84.82328605200945"	"2"	"250"	"1692"	"0.846"	"1089"	"0.5445"	"603"	"0.3015"	"308"	"0.154"	"412"	"0.206"	"237"	"0.1185"	"1351"	"0.6755"
"rerun_june2021"	"2000"	"200"	"10"	"0"	"None"	"250"	"stage2_hawks"	"0.1"	"10"	"100"	"16.253"	"183.747"	"14.86"	"2"	"100"	"2000"	"1"	"1385"	"0.6925"	"615"	"0.3075"	"0"	"0"	"421"	"0.2105"	"1563"	"0.7815"	"16"	"0.008"
"rerun_june2021"	"2000"	"200"	"10"	"0"	"None"	"250"	"stage2_hawks"	"0.2"	"10"	"50"	"32.8935"	"167.1065"	"8.463"	"2"	"44"	"2000"	"1"	"2000"	"1"	"0"	"0"	"0"	"0"	"2000"	"1"	"0"	"0"	"0"	"0"
"rerun_june2021"	"2000"	"200"	"10"	"0"	"None"	"250"	"stage2_hawks"	"0.3"	"10"	"33.333333333333336"	"49.0635"	"150.9365"	"6.8395"	"2"	"21"	"2000"	"1"	"2000"	"1"	"0"	"0"	"0"	"0"	"2000"	"1"	"0"	"0"	"0"	"0"
"rerun_june2021"	"2000"	"200"	"10"	"0"	"None"	"250"	"stage2_hawks"	"0.4"	"10"	"25"	"65.5155"	"134.4845"	"6.0545"	"2"	"18"	"2000"	"1"	"2000"	"1"	"0"	"0"	"0"	"0"	"2000"	"1"	"0"	"0"	"0"	"0"
"rerun_june2021"	"2000"	"200"	"10"	"0"	"None"	"250"	"stage2_hawks"	"0.5"	"10"	"20"	"81.8455"	"118.1545"	"6.86"	"2"	"23"	"2000"	"1"	"2000"	"1"	"0"	"0"	"0"	"0"	"2000"	"1"	"0"	"0"	"0"	"0"
"rerun_june2021"	"2000"	"200"	"10"	"0"	"None"	"250"	"stage2_hawks"	"0.6"	"10"	"16.666666666666668"	"98.1555"	"101.8445"	"7.7515"	"2"	"25"	"2000"	"1"	"2000"	"1"	"0"	"0"	"0"	"0"	"2000"	"1"	"0"	"0"	"0"	"0"
"rerun_june2021"	"2000"	"200"	"10"	"0"	"None"	"250"	"stage2_hawks"	"0.7"	"10"	"14.285714285714286"	"114.8605"	"85.1395"	"9.0015"	"2"	"33"	"2000"	"1"	"2000"	"1"	"0"	"0"	"0"	"0"	"2000"	"1"	"0"	"0"	"0"	"0"
"rerun_june2021"	"2000"	"200"	"10"	"0"	"None"	"250"	"stage2_hawks"	"0.8"	"10"	"12.5"	"131.084"	"68.916"	"9.4805"	"2"	"39"	"2000"	"1"	"2000"	"1"	"0"	"0"	"0"	"0"	"2000"	"1"	"0"	"0"	"0"	"0"
"rerun_june2021"	"2000"	"200"	"10"	"0"	"None"	"250"	"stage2_hawks"	"0.9"	"10"	"11.11111111111111"	"147.3765"	"52.6235"	"9.9445"	"2"	"68"	"2000"	"1"	"2000"	"1"	"0"	"0"	"0"	"0"	"1997"	"0.9985"	"0"	"0"	"3"	"0.0015"
"rerun_june2021"	"2000"	"200"	"20"	"0"	"None"	"250"	"stage2_hawks"	"0.1"	"10"	"100"	"13.501"	"186.499"	"38.733"	"2"	"194"	"2000"	"1"	"218"	"0.109"	"1782"	"0.891"	"0"	"0"	"162"	"0.081"	"1836"	"0.918"	"2"	"0.001"
"rerun_june2021"	"2000"	"200"	"20"	"0"	"None"	"250"	"stage2_hawks"	"0.2"	"10"	"50"	"26.998"	"173.002"	"24.048"	"4"	"73"	"2000"	"1"	"2000"	"1"	"0"	"0"	"0"	"0"	"2000"	"1"	"0"	"0"	"0"	"0"
"rerun_june2021"	"2000"	"200"	"20"	"0"	"None"	"250"	"stage2_hawks"	"0.3"	"10"	"33.333333333333336"	"40.784"	"159.216"	"16.67"	"2"	"30"	"2000"	"1"	"2000"	"1"	"0"	"0"	"0"	"0"	"2000"	"1"	"0"	"0"	"0"	"0"
"rerun_june2021"	"2000"	"200"	"20"	"0"	"None"	"250"	"stage2_hawks"	"0.4"	"10"	"25"	"54.17"	"145.83"	"14.933"	"2"	"26"	"2000"	"1"	"2000"	"1"	"0"	"0"	"0"	"0"	"2000"	"1"	"0"	"0"	"0"	"0"
"rerun_june2021"	"2000"	"200"	"20"	"0"	"None"	"250"	"stage2_hawks"	"0.5"	"10"	"20"	"68.005"	"131.995"	"17.1635"	"2"	"29"	"2000"	"1"	"2000"	"1"	"0"	"0"	"0"	"0"	"2000"	"1"	"0"	"0"	"0"	"0"
"rerun_june2021"	"2000"	"200"	"20"	"0"	"None"	"250"	"stage2_hawks"	"0.6"	"10"	"16.666666666666668"	"81.412"	"118.588"	"18.6455"	"3"	"31"	"2000"	"1"	"2000"	"1"	"0"	"0"	"0"	"0"	"2000"	"1"	"0"	"0"	"0"	"0"
"rerun_june2021"	"2000"	"200"	"20"	"0"	"None"	"250"	"stage2_hawks"	"0.7"	"10"	"14.285714285714286"	"95.1155"	"104.8845"	"23.96"	"2"	"40"	"2000"	"1"	"2000"	"1"	"0"	"0"	"0"	"0"	"2000"	"1"	"0"	"0"	"0"	"0"
"rerun_june2021"	"2000"	"200"	"20"	"0"	"None"	"250"	"stage2_hawks"	"0.8"	"10"	"12.5"	"108.696"	"91.304"	"32.5995"	"2"	"49"	"2000"	"1"	"2000"	"1"	"0"	"0"	"0"	"0"	"2000"	"1"	"0"	"0"	"0"	"0"
"rerun_june2021"	"2000"	"200"	"20"	"0"	"None"	"250"	"stage2_hawks"	"0.9"	"10"	"11.11111111111111"	"122.042"	"77.958"	"60.1075"	"15"	"84"	"2000"	"1"	"2000"	"1"	"0"	"0"	"0"	"0"	"2000"	"1"	"0"	"0"	"0"	"0"
"rerun_june2021"	"2000"	"200"	"30"	"0"	"None"	"250"	"stage2_hawks"	"0.1"	"10"	"100"	"11.645"	"188.355"	"49.56678339169585"	"10"	"248"	"1999"	"0.9995"	"242"	"0.121"	"1757"	"0.8785"	"1"	"0.0005"	"231"	"0.1155"	"1764"	"0.882"	"5"	"0.0025"
"rerun_june2021"	"2000"	"200"	"30"	"0"	"None"	"250"	"stage2_hawks"	"0.2"	"10"	"50"	"23.144"	"176.856"	"31.7525"	"14"	"162"	"2000"	"1"	"1991"	"0.9955"	"9"	"0.0045"	"0"	"0"	"1991"	"0.9955"	"9"	"0.0045"	"0"	"0"
"rerun_june2021"	"2000"	"200"	"30"	"0"	"None"	"250"	"stage2_hawks"	"0.3"	"10"	"33.333333333333336"	"34.7205"	"165.2795"	"20.8235"	"10"	"33"	"2000"	"1"	"2000"	"1"	"0"	"0"	"0"	"0"	"2000"	"1"	"0"	"0"	"0"	"0"
"rerun_june2021"	"2000"	"200"	"30"	"0"	"None"	"250"	"stage2_hawks"	"0.4"	"10"	"25"	"46.108"	"153.892"	"18.814"	"11"	"29"	"2000"	"1"	"2000"	"1"	"0"	"0"	"0"	"0"	"2000"	"1"	"0"	"0"	"0"	"0"
"rerun_june2021"	"2000"	"200"	"30"	"0"	"None"	"250"	"stage2_hawks"	"0.5"	"10"	"20"	"57.751"	"142.249"	"20.1565"	"10"	"31"	"2000"	"1"	"2000"	"1"	"0"	"0"	"0"	"0"	"2000"	"1"	"0"	"0"	"0"	"0"
"rerun_june2021"	"2000"	"200"	"30"	"0"	"None"	"250"	"stage2_hawks"	"0.6"	"10"	"16.666666666666668"	"69.1275"	"130.8725"	"21.2635"	"11"	"33"	"2000"	"1"	"2000"	"1"	"0"	"0"	"0"	"0"	"2000"	"1"	"0"	"0"	"0"	"0"
"rerun_june2021"	"2000"	"200"	"30"	"0"	"None"	"250"	"stage2_hawks"	"0.7"	"10"	"14.285714285714286"	"81.0795"	"118.9205"	"24.563"	"14"	"41"	"2000"	"1"	"2000"	"1"	"0"	"0"	"0"	"0"	"2000"	"1"	"0"	"0"	"0"	"0"
"rerun_june2021"	"2000"	"200"	"30"	"0"	"None"	"250"	"stage2_hawks"	"0.8"	"10"	"12.5"	"92.5295"	"107.4705"	"32.937"	"20"	"51"	"2000"	"1"	"2000"	"1"	"0"	"0"	"0"	"0"	"2000"	"1"	"0"	"0"	"0"	"0"
"rerun_june2021"	"2000"	"200"	"30"	"0"	"None"	"250"	"stage2_hawks"	"0.9"	"10"	"11.11111111111111"	"103.6975"	"96.3025"	"57.989"	"37"	"88"	"2000"	"1"	"2000"	"1"	"0"	"0"	"0"	"0"	"2000"	"1"	"0"	"0"	"0"	"0"
"rerun_june2021"	"2000"	"200"	"40"	"0"	"None"	"250"	"stage2_hawks"	"0.1"	"10"	"100"	"10.3565"	"189.6435"	"59.64114114114114"	"12"	"245"	"1998"	"0.999"	"569"	"0.2845"	"1429"	"0.7145"	"2"	"0.001"	"566"	"0.283"	"1429"	"0.7145"	"5"	"0.0025"
"rerun_june2021"	"2000"	"200"	"40"	"0"	"None"	"250"	"stage2_hawks"	"0.2"	"10"	"50"	"20.6285"	"179.3715"	"43.8765"	"16"	"214"	"2000"	"1"	"1839"	"0.9195"	"161"	"0.0805"	"0"	"0"	"1839"	"0.9195"	"161"	"0.0805"	"0"	"0"
"rerun_june2021"	"2000"	"200"	"40"	"0"	"None"	"250"	"stage2_hawks"	"0.3"	"10"	"33.333333333333336"	"31.07"	"168.93"	"28.829"	"15"	"161"	"2000"	"1"	"1999"	"0.9995"	"1"	"0.0005"	"0"	"0"	"1999"	"0.9995"	"1"	"0.0005"	"0"	"0"
"rerun_june2021"	"2000"	"200"	"40"	"0"	"None"	"250"	"stage2_hawks"	"0.4"	"10"	"25"	"41.3525"	"158.6475"	"25.2285"	"15"	"54"	"2000"	"1"	"2000"	"1"	"0"	"0"	"0"	"0"	"2000"	"1"	"0"	"0"	"0"	"0"
"rerun_june2021"	"2000"	"200"	"40"	"0"	"None"	"250"	"stage2_hawks"	"0.5"	"10"	"20"	"51.763"	"148.237"	"26.3615"	"17"	"47"	"2000"	"1"	"2000"	"1"	"0"	"0"	"0"	"0"	"2000"	"1"	"0"	"0"	"0"	"0"
"rerun_june2021"	"2000"	"200"	"40"	"0"	"None"	"250"	"stage2_hawks"	"0.6"	"10"	"16.666666666666668"	"62.2175"	"137.7825"	"27.3485"	"17"	"43"	"2000"	"1"	"2000"	"1"	"0"	"0"	"0"	"0"	"2000"	"1"	"0"	"0"	"0"	"0"
"rerun_june2021"	"2000"	"200"	"40"	"0"	"None"	"250"	"stage2_hawks"	"0.7"	"10"	"14.285714285714286"	"72.331"	"127.669"	"31.61"	"19"	"44"	"2000"	"1"	"2000"	"1"	"0"	"0"	"0"	"0"	"2000"	"1"	"0"	"0"	"0"	"0"
"rerun_june2021"	"2000"	"200"	"40"	"0"	"None"	"250"	"stage2_hawks"	"0.8"	"10"	"12.5"	"82.624"	"117.376"	"40.663"	"26"	"64"	"2000"	"1"	"2000"	"1"	"0"	"0"	"0"	"0"	"2000"	"1"	"0"	"0"	"0"	"0"
"rerun_june2021"	"2000"	"200"	"40"	"0"	"None"	"250"	"stage2_hawks"	"0.9"	"10"	"11.11111111111111"	"93.4885"	"106.5115"	"69.994"	"45"	"105"	"2000"	"1"	"2000"	"1"	"0"	"0"	"0"	"0"	"2000"	"1"	"0"	"0"	"0"	"0"
"rerun_june2021"	"2000"	"200"	"50"	"0"	"None"	"250"	"stage2_hawks"	"0.1"	"10"	"100"	"10.1025"	"189.8975"	"65.42021010505253"	"12"	"246"	"1999"	"0.9995"	"1018"	"0.509"	"981"	"0.4905"	"1"	"0.0005"	"1019"	"0.5095"	"976"	"0.488"	"5"	"0.0025"
"rerun_june2021"	"2000"	"200"	"50"	"0"	"None"	"250"	"stage2_hawks"	"0.2"	"10"	"50"	"19.8195"	"180.1805"	"56.012"	"19"	"205"	"2000"	"1"	"990"	"0.495"	"1010"	"0.505"	"0"	"0"	"990"	"0.495"	"1010"	"0.505"	"0"	"0"
"rerun_june2021"	"2000"	"200"	"50"	"0"	"None"	"250"	"stage2_hawks"	"0.3"	"10"	"33.333333333333336"	"29.774"	"170.226"	"51.8495"	"22"	"196"	"2000"	"1"	"1049"	"0.5245"	"951"	"0.4755"	"0"	"0"	"1049"	"0.5245"	"951"	"0.4755"	"0"	"0"
"rerun_june2021"	"2000"	"200"	"50"	"0"	"None"	"250"	"stage2_hawks"	"0.4"	"10"	"25"	"39.674"	"160.326"	"52.539"	"24"	"213"	"2000"	"1"	"1002"	"0.501"	"998"	"0.499"	"0"	"0"	"1002"	"0.501"	"998"	"0.499"	"0"	"0"
"rerun_june2021"	"2000"	"200"	"50"	"0"	"None"	"250"	"stage2_hawks"	"0.5"	"10"	"20"	"49.7315"	"150.2685"	"54.6085"	"26"	"184"	"2000"	"1"	"1001"	"0.5005"	"999"	"0.4995"	"0"	"0"	"1001"	"0.5005"	"999"	"0.4995"	"0"	"0"
"rerun_june2021"	"2000"	"200"	"50"	"0"	"None"	"250"	"stage2_hawks"	"0.6"	"10"	"16.666666666666668"	"59.7565"	"140.2435"	"62.279"	"30"	"226"	"2000"	"1"	"996"	"0.498"	"1004"	"0.502"	"0"	"0"	"996"	"0.498"	"1004"	"0.502"	"0"	"0"
"rerun_june2021"	"2000"	"200"	"50"	"0"	"None"	"250"	"stage2_hawks"	"0.7"	"10"	"14.285714285714286"	"69.5395"	"130.4605"	"77.13206603301651"	"36"	"219"	"1999"	"0.9995"	"991"	"0.4955"	"1008"	"0.504"	"1"	"0.0005"	"991"	"0.4955"	"1008"	"0.504"	"1"	"0.0005"
"rerun_june2021"	"2000"	"200"	"50"	"0"	"None"	"250"	"stage2_hawks"	"0.8"	"10"	"12.5"	"79.68"	"120.32"	"104.25614035087719"	"51"	"247"	"1995"	"0.9975"	"936"	"0.468"	"1059"	"0.5295"	"5"	"0.0025"	"933"	"0.4665"	"1058"	"0.529"	"9"	"0.0045"
"rerun_june2021"	"2000"	"200"	"50"	"0"	"None"	"250"	"stage2_hawks"	"0.9"	"10"	"11.11111111111111"	"89.738"	"110.262"	"179.70802077322563"	"96"	"250"	"1733"	"0.8665"	"863"	"0.4315"	"870"	"0.435"	"267"	"0.1335"	"731"	"0.3655"	"747"	"0.3735"	"522"	"0.261"
"rerun_june2021"	"2000"	"200"	"60"	"0"	"None"	"250"	"stage2_hawks"	"0.1"	"10"	"100"	"10.4375"	"189.5625"	"58.680340170085046"	"11"	"212"	"1999"	"0.9995"	"1456"	"0.728"	"543"	"0.2715"	"1"	"0.0005"	"1458"	"0.729"	"538"	"0.269"	"4"	"0.002"
"rerun_june2021"	"2000"	"200"	"60"	"0"	"None"	"250"	"stage2_hawks"	"0.2"	"10"	"50"	"20.7755"	"179.2245"	"44.428"	"18"	"231"	"2000"	"1"	"164"	"0.082"	"1836"	"0.918"	"0"	"0"	"164"	"0.082"	"1836"	"0.918"	"0"	"0"
"rerun_june2021"	"2000"	"200"	"60"	"0"	"None"	"250"	"stage2_hawks"	"0.3"	"10"	"33.333333333333336"	"31.2225"	"168.7775"	"28.741"	"14"	"103"	"2000"	"1"	"3"	"0.0015"	"1997"	"0.9985"	"0"	"0"	"3"	"0.0015"	"1997"	"0.9985"	"0"	"0"
"rerun_june2021"	"2000"	"200"	"60"	"0"	"None"	"250"	"stage2_hawks"	"0.4"	"10"	"25"	"41.257"	"158.743"	"25.179"	"14"	"59"	"2000"	"1"	"0"	"0"	"2000"	"1"	"0"	"0"	"0"	"0"	"2000"	"1"	"0"	"0"
"rerun_june2021"	"2000"	"200"	"60"	"0"	"None"	"250"	"stage2_hawks"	"0.5"	"10"	"20"	"52.033"	"147.967"	"26.393"	"16"	"46"	"2000"	"1"	"0"	"0"	"2000"	"1"	"0"	"0"	"0"	"0"	"2000"	"1"	"0"	"0"
"rerun_june2021"	"2000"	"200"	"60"	"0"	"None"	"250"	"stage2_hawks"	"0.6"	"10"	"16.666666666666668"	"62.1075"	"137.8925"	"27.439"	"17"	"39"	"2000"	"1"	"0"	"0"	"2000"	"1"	"0"	"0"	"0"	"0"	"2000"	"1"	"0"	"0"
"rerun_june2021"	"2000"	"200"	"60"	"0"	"None"	"250"	"stage2_hawks"	"0.7"	"10"	"14.285714285714286"	"72.5085"	"127.4915"	"31.6325"	"20"	"50"	"2000"	"1"	"0"	"0"	"2000"	"1"	"0"	"0"	"0"	"0"	"2000"	"1"	"0"	"0"
"rerun_june2021"	"2000"	"200"	"60"	"0"	"None"	"250"	"stage2_hawks"	"0.8"	"10"	"12.5"	"82.7315"	"117.2685"	"40.558"	"22"	"58"	"2000"	"1"	"0"	"0"	"2000"	"1"	"0"	"0"	"0"	"0"	"2000"	"1"	"0"	"0"
"rerun_june2021"	"2000"	"200"	"60"	"0"	"None"	"250"	"stage2_hawks"	"0.9"	"10"	"11.11111111111111"	"93.002"	"106.998"	"70.138"	"42"	"105"	"2000"	"1"	"0"	"0"	"2000"	"1"	"0"	"0"	"0"	"0"	"2000"	"1"	"0"	"0"
"rerun_june2021"	"2000"	"200"	"70"	"0"	"None"	"250"	"stage2_hawks"	"0.1"	"10"	"100"	"11.573"	"188.427"	"48.61"	"10"	"230"	"2000"	"1"	"1746"	"0.873"	"254"	"0.127"	"0"	"0"	"1750"	"0.875"	"246"	"0.123"	"4"	"0.002"
"rerun_june2021"	"2000"	"200"	"70"	"0"	"None"	"250"	"stage2_hawks"	"0.2"	"10"	"50"	"23.0305"	"176.9695"	"31.608"	"13"	"137"	"2000"	"1"	"12"	"0.006"	"1988"	"0.994"	"0"	"0"	"12"	"0.006"	"1988"	"0.994"	"0"	"0"
"rerun_june2021"	"2000"	"200"	"70"	"0"	"None"	"250"	"stage2_hawks"	"0.3"	"10"	"33.333333333333336"	"34.7255"	"165.2745"	"20.8395"	"9"	"35"	"2000"	"1"	"0"	"0"	"2000"	"1"	"0"	"0"	"0"	"0"	"2000"	"1"	"0"	"0"
"rerun_june2021"	"2000"	"200"	"70"	"0"	"None"	"250"	"stage2_hawks"	"0.4"	"10"	"25"	"46.2505"	"153.7495"	"18.8705"	"9"	"33"	"2000"	"1"	"0"	"0"	"2000"	"1"	"0"	"0"	"0"	"0"	"2000"	"1"	"0"	"0"
"rerun_june2021"	"2000"	"200"	"70"	"0"	"None"	"250"	"stage2_hawks"	"0.5"	"10"	"20"	"57.6445"	"142.3555"	"20.124"	"12"	"32"	"2000"	"1"	"0"	"0"	"2000"	"1"	"0"	"0"	"0"	"0"	"2000"	"1"	"0"	"0"
"rerun_june2021"	"2000"	"200"	"70"	"0"	"None"	"250"	"stage2_hawks"	"0.6"	"10"	"16.666666666666668"	"69.403"	"130.597"	"21.0585"	"11"	"31"	"2000"	"1"	"0"	"0"	"2000"	"1"	"0"	"0"	"0"	"0"	"2000"	"1"	"0"	"0"
"rerun_june2021"	"2000"	"200"	"70"	"0"	"None"	"250"	"stage2_hawks"	"0.7"	"10"	"14.285714285714286"	"80.5945"	"119.4055"	"24.7235"	"15"	"38"	"2000"	"1"	"0"	"0"	"2000"	"1"	"0"	"0"	"0"	"0"	"2000"	"1"	"0"	"0"
"rerun_june2021"	"2000"	"200"	"70"	"0"	"None"	"250"	"stage2_hawks"	"0.8"	"10"	"12.5"	"92.439"	"107.561"	"32.8115"	"21"	"48"	"2000"	"1"	"0"	"0"	"2000"	"1"	"0"	"0"	"0"	"0"	"2000"	"1"	"0"	"0"
"rerun_june2021"	"2000"	"200"	"70"	"0"	"None"	"250"	"stage2_hawks"	"0.9"	"10"	"11.11111111111111"	"104.087"	"95.913"	"58.3685"	"37"	"93"	"2000"	"1"	"0"	"0"	"2000"	"1"	"0"	"0"	"0"	"0"	"2000"	"1"	"0"	"0"
"rerun_june2021"	"2000"	"200"	"80"	"0"	"None"	"250"	"stage2_hawks"	"0.1"	"10"	"100"	"13.622"	"186.378"	"39.1785"	"2"	"158"	"2000"	"1"	"1769"	"0.8845"	"231"	"0.1155"	"0"	"0"	"1834"	"0.917"	"163"	"0.0815"	"3"	"0.0015"
"rerun_june2021"	"2000"	"200"	"80"	"0"	"None"	"250"	"stage2_hawks"	"0.2"	"10"	"50"	"27.3115"	"172.6885"	"24.3205"	"2"	"64"	"2000"	"1"	"1"	"0.0005"	"1999"	"0.9995"	"0"	"0"	"1"	"0.0005"	"1999"	"0.9995"	"0"	"0"
"rerun_june2021"	"2000"	"200"	"80"	"0"	"None"	"250"	"stage2_hawks"	"0.3"	"10"	"33.333333333333336"	"40.6635"	"159.3365"	"16.8005"	"4"	"29"	"2000"	"1"	"0"	"0"	"2000"	"1"	"0"	"0"	"0"	"0"	"2000"	"1"	"0"	"0"
"rerun_june2021"	"2000"	"200"	"80"	"0"	"None"	"250"	"stage2_hawks"	"0.4"	"10"	"25"	"54.047"	"145.953"	"14.9245"	"2"	"25"	"2000"	"1"	"0"	"0"	"2000"	"1"	"0"	"0"	"0"	"0"	"2000"	"1"	"0"	"0"
"rerun_june2021"	"2000"	"200"	"80"	"0"	"None"	"250"	"stage2_hawks"	"0.5"	"10"	"20"	"67.9125"	"132.0875"	"17.1975"	"2"	"27"	"2000"	"1"	"0"	"0"	"2000"	"1"	"0"	"0"	"0"	"0"	"2000"	"1"	"0"	"0"
"rerun_june2021"	"2000"	"200"	"80"	"0"	"None"	"250"	"stage2_hawks"	"0.6"	"10"	"16.666666666666668"	"81.192"	"118.808"	"18.7285"	"8"	"29"	"2000"	"1"	"0"	"0"	"2000"	"1"	"0"	"0"	"0"	"0"	"2000"	"1"	"0"	"0"
"rerun_june2021"	"2000"	"200"	"80"	"0"	"None"	"250"	"stage2_hawks"	"0.7"	"10"	"14.285714285714286"	"95.0745"	"104.9255"	"23.9265"	"2"	"37"	"2000"	"1"	"0"	"0"	"2000"	"1"	"0"	"0"	"0"	"0"	"2000"	"1"	"0"	"0"
"rerun_june2021"	"2000"	"200"	"80"	"0"	"None"	"250"	"stage2_hawks"	"0.8"	"10"	"12.5"	"108.3385"	"91.6615"	"32.4445"	"2"	"49"	"2000"	"1"	"0"	"0"	"2000"	"1"	"0"	"0"	"0"	"0"	"2000"	"1"	"0"	"0"
"rerun_june2021"	"2000"	"200"	"80"	"0"	"None"	"250"	"stage2_hawks"	"0.9"	"10"	"11.11111111111111"	"122.0855"	"77.9145"	"59.844"	"2"	"92"	"2000"	"1"	"0"	"0"	"2000"	"1"	"0"	"0"	"0"	"0"	"2000"	"1"	"0"	"0"
"rerun_june2021"	"2000"	"200"	"90"	"0"	"None"	"250"	"stage2_hawks"	"0.1"	"10"	"100"	"16.4205"	"183.5795"	"14.343"	"2"	"80"	"2000"	"1"	"559"	"0.2795"	"1441"	"0.7205"	"0"	"0"	"1524"	"0.762"	"459"	"0.2295"	"17"	"0.0085"
"rerun_june2021"	"2000"	"200"	"90"	"0"	"None"	"250"	"stage2_hawks"	"0.2"	"10"	"50"	"32.6225"	"167.3775"	"8.247"	"2"	"35"	"2000"	"1"	"0"	"0"	"2000"	"1"	"0"	"0"	"0"	"0"	"2000"	"1"	"0"	"0"
"rerun_june2021"	"2000"	"200"	"90"	"0"	"None"	"250"	"stage2_hawks"	"0.3"	"10"	"33.333333333333336"	"49.3155"	"150.6845"	"6.798"	"2"	"23"	"2000"	"1"	"0"	"0"	"2000"	"1"	"0"	"0"	"0"	"0"	"2000"	"1"	"0"	"0"
"rerun_june2021"	"2000"	"200"	"90"	"0"	"None"	"250"	"stage2_hawks"	"0.4"	"10"	"25"	"65.4935"	"134.5065"	"5.989"	"2"	"22"	"2000"	"1"	"0"	"0"	"2000"	"1"	"0"	"0"	"0"	"0"	"2000"	"1"	"0"	"0"
"rerun_june2021"	"2000"	"200"	"90"	"0"	"None"	"250"	"stage2_hawks"	"0.5"	"10"	"20"	"81.966"	"118.034"	"6.941"	"2"	"21"	"2000"	"1"	"0"	"0"	"2000"	"1"	"0"	"0"	"0"	"0"	"2000"	"1"	"0"	"0"
"rerun_june2021"	"2000"	"200"	"90"	"0"	"None"	"250"	"stage2_hawks"	"0.6"	"10"	"16.666666666666668"	"98.2925"	"101.7075"	"7.708"	"2"	"23"	"2000"	"1"	"0"	"0"	"2000"	"1"	"0"	"0"	"0"	"0"	"2000"	"1"	"0"	"0"
"rerun_june2021"	"2000"	"200"	"90"	"0"	"None"	"250"	"stage2_hawks"	"0.7"	"10"	"14.285714285714286"	"114.7795"	"85.2205"	"8.9225"	"2"	"30"	"2000"	"1"	"0"	"0"	"2000"	"1"	"0"	"0"	"0"	"0"	"2000"	"1"	"0"	"0"
"rerun_june2021"	"2000"	"200"	"90"	"0"	"None"	"250"	"stage2_hawks"	"0.8"	"10"	"12.5"	"131.023"	"68.977"	"9.5705"	"2"	"46"	"2000"	"1"	"0"	"0"	"2000"	"1"	"0"	"0"	"0"	"0"	"2000"	"1"	"0"	"0"
"rerun_june2021"	"2000"	"200"	"90"	"0"	"None"	"250"	"stage2_hawks"	"0.9"	"10"	"11.11111111111111"	"147.426"	"52.574"	"9.9305"	"2"	"81"	"2000"	"1"	"0"	"0"	"2000"	"1"	"0"	"0"	"0"	"0"	"1996"	"0.998"	"4"	"0.002"
"rerun_june2021"	"2000"	"200"	"10"	"0"	"None"	"250"	"stage2_nmse"	"0.1"	"10"	"100"	"19.8835"	"180.1165"	"12.5395"	"1"	"42"	"2000"	"1"	"418"	"0.209"	"1582"	"0.791"	"0"	"0"	"0"	"0"	"2000"	"1"	"0"	"0"
"rerun_june2021"	"2000"	"200"	"10"	"0"	"None"	"250"	"stage2_nmse"	"0.2"	"10"	"50"	"40.063"	"159.937"	"26.376"	"1"	"154"	"2000"	"1"	"199"	"0.0995"	"1801"	"0.9005"	"0"	"0"	"120"	"0.06"	"1879"	"0.9395"	"1"	"0.0005"
"rerun_june2021"	"2000"	"200"	"10"	"0"	"None"	"250"	"stage2_nmse"	"0.3"	"10"	"33.333333333333336"	"59.9975"	"140.0025"	"40.81931931931932"	"1"	"236"	"1998"	"0.999"	"479"	"0.2395"	"1519"	"0.7595"	"2"	"0.001"	"467"	"0.2335"	"1531"	"0.7655"	"2"	"0.001"
"rerun_june2021"	"2000"	"200"	"10"	"0"	"None"	"250"	"stage2_nmse"	"0.4"	"10"	"25"	"80.011"	"119.989"	"48.4065"	"9"	"249"	"2000"	"1"	"813"	"0.4065"	"1187"	"0.5935"	"0"	"0"	"808"	"0.404"	"1189"	"0.5945"	"3"	"0.0015"
"rerun_june2021"	"2000"	"200"	"10"	"0"	"None"	"250"	"stage2_nmse"	"0.5"	"10"	"20"	"100.1845"	"99.8155"	"54.6305"	"5"	"240"	"2000"	"1"	"998"	"0.499"	"1002"	"0.501"	"0"	"0"	"996"	"0.498"	"1002"	"0.501"	"2"	"0.001"
"rerun_june2021"	"2000"	"200"	"10"	"0"	"None"	"250"	"stage2_nmse"	"0.6"	"10"	"16.666666666666668"	"119.982"	"80.018"	"60.73486743371686"	"7"	"248"	"1999"	"0.9995"	"1125"	"0.5625"	"874"	"0.437"	"1"	"0.0005"	"1119"	"0.5595"	"875"	"0.4375"	"6"	"0.003"
"rerun_june2021"	"2000"	"200"	"10"	"0"	"None"	"250"	"stage2_nmse"	"0.7"	"10"	"14.285714285714286"	"139.7425"	"60.2575"	"70.54887218045113"	"2"	"224"	"1995"	"0.9975"	"1504"	"0.752"	"491"	"0.2455"	"5"	"0.0025"	"1489"	"0.7445"	"490"	"0.245"	"21"	"0.0105"
"rerun_june2021"	"2000"	"200"	"10"	"0"	"None"	"250"	"stage2_nmse"	"0.8"	"10"	"12.5"	"159.995"	"40.005"	"84.98247371056586"	"2"	"247"	"1997"	"0.9985"	"1885"	"0.9425"	"112"	"0.056"	"3"	"0.0015"	"1828"	"0.914"	"97"	"0.0485"	"75"	"0.0375"
"rerun_june2021"	"2000"	"200"	"10"	"0"	"None"	"250"	"stage2_nmse"	"0.9"	"10"	"11.11111111111111"	"180.014"	"19.986"	"122.13460572576595"	"2"	"250"	"1991"	"0.9955"	"1876"	"0.938"	"115"	"0.0575"	"9"	"0.0045"	"1403"	"0.7015"	"0"	"0"	"597"	"0.2985"
"rerun_june2021"	"2000"	"200"	"20"	"0"	"None"	"250"	"stage2_nmse"	"0.1"	"10"	"100"	"19.771"	"180.229"	"18.198"	"1"	"119"	"2000"	"1"	"84"	"0.042"	"1916"	"0.958"	"0"	"0"	"2"	"0.001"	"1998"	"0.999"	"0"	"0"
"rerun_june2021"	"2000"	"200"	"20"	"0"	"None"	"250"	"stage2_nmse"	"0.2"	"10"	"50"	"40.079"	"159.921"	"33.1495"	"1"	"218"	"2000"	"1"	"152"	"0.076"	"1848"	"0.924"	"0"	"0"	"151"	"0.0755"	"1849"	"0.9245"	"0"	"0"
"rerun_june2021"	"2000"	"200"	"20"	"0"	"None"	"250"	"stage2_nmse"	"0.3"	"10"	"33.333333333333336"	"60.3225"	"139.6775"	"42.3285"	"10"	"190"	"2000"	"1"	"543"	"0.2715"	"1457"	"0.7285"	"0"	"0"	"543"	"0.2715"	"1457"	"0.7285"	"0"	"0"
"rerun_june2021"	"2000"	"200"	"20"	"0"	"None"	"250"	"stage2_nmse"	"0.4"	"10"	"25"	"79.6865"	"120.3135"	"45.48674337168584"	"14"	"211"	"1999"	"0.9995"	"876"	"0.438"	"1123"	"0.5615"	"1"	"0.0005"	"876"	"0.438"	"1123"	"0.5615"	"1"	"0.0005"
"rerun_june2021"	"2000"	"200"	"20"	"0"	"None"	"250"	"stage2_nmse"	"0.5"	"10"	"20"	"100.1635"	"99.8365"	"49.348174087043525"	"15"	"222"	"1999"	"0.9995"	"981"	"0.4905"	"1018"	"0.509"	"1"	"0.0005"	"981"	"0.4905"	"1018"	"0.509"	"1"	"0.0005"
"rerun_june2021"	"2000"	"200"	"20"	"0"	"None"	"250"	"stage2_nmse"	"0.6"	"10"	"16.666666666666668"	"119.9755"	"80.0245"	"54.03101550775388"	"13"	"177"	"1999"	"0.9995"	"1079"	"0.5395"	"920"	"0.46"	"1"	"0.0005"	"1079"	"0.5395"	"920"	"0.46"	"1"	"0.0005"
"rerun_june2021"	"2000"	"200"	"20"	"0"	"None"	"250"	"stage2_nmse"	"0.7"	"10"	"14.285714285714286"	"139.8325"	"60.1675"	"64.27013506753377"	"22"	"247"	"1999"	"0.9995"	"1445"	"0.7225"	"554"	"0.277"	"1"	"0.0005"	"1444"	"0.722"	"554"	"0.277"	"2"	"0.001"
"rerun_june2021"	"2000"	"200"	"20"	"0"	"None"	"250"	"stage2_nmse"	"0.8"	"10"	"12.5"	"160.228"	"39.772"	"79.19057171514544"	"37"	"238"	"1994"	"0.997"	"1843"	"0.9215"	"151"	"0.0755"	"6"	"0.003"	"1827"	"0.9135"	"151"	"0.0755"	"22"	"0.011"
"rerun_june2021"	"2000"	"200"	"20"	"0"	"None"	"250"	"stage2_nmse"	"0.9"	"10"	"11.11111111111111"	"180.0035"	"19.9965"	"118.58817635270542"	"59"	"248"	"1996"	"0.998"	"1995"	"0.9975"	"1"	"0.0005"	"4"	"0.002"	"1925"	"0.9625"	"1"	"0.0005"	"74"	"0.037"
"rerun_june2021"	"2000"	"200"	"30"	"0"	"None"	"250"	"stage2_nmse"	"0.1"	"10"	"100"	"20.132"	"179.868"	"26.9795"	"1"	"187"	"2000"	"1"	"57"	"0.0285"	"1943"	"0.9715"	"0"	"0"	"30"	"0.015"	"1970"	"0.985"	"0"	"0"
"rerun_june2021"	"2000"	"200"	"30"	"0"	"None"	"250"	"stage2_nmse"	"0.2"	"10"	"50"	"40.0255"	"159.9745"	"38.7275"	"12"	"169"	"2000"	"1"	"284"	"0.142"	"1716"	"0.858"	"0"	"0"	"284"	"0.142"	"1716"	"0.858"	"0"	"0"
"rerun_june2021"	"2000"	"200"	"30"	"0"	"None"	"250"	"stage2_nmse"	"0.3"	"10"	"33.333333333333336"	"59.8115"	"140.1885"	"42.68134067033517"	"12"	"187"	"1999"	"0.9995"	"690"	"0.345"	"1309"	"0.6545"	"1"	"0.0005"	"690"	"0.345"	"1309"	"0.6545"	"1"	"0.0005"
"rerun_june2021"	"2000"	"200"	"30"	"0"	"None"	"250"	"stage2_nmse"	"0.4"	"10"	"25"	"80.1345"	"119.8655"	"43.4775"	"15"	"187"	"2000"	"1"	"955"	"0.4775"	"1045"	"0.5225"	"0"	"0"	"955"	"0.4775"	"1045"	"0.5225"	"0"	"0"
"rerun_june2021"	"2000"	"200"	"30"	"0"	"None"	"250"	"stage2_nmse"	"0.5"	"10"	"20"	"99.9595"	"100.0405"	"47.0245"	"17"	"182"	"2000"	"1"	"1007"	"0.5035"	"993"	"0.4965"	"0"	"0"	"1007"	"0.5035"	"993"	"0.4965"	"0"	"0"
"rerun_june2021"	"2000"	"200"	"30"	"0"	"None"	"250"	"stage2_nmse"	"0.6"	"10"	"16.666666666666668"	"119.971"	"80.029"	"51.139"	"16"	"190"	"2000"	"1"	"1102"	"0.551"	"898"	"0.449"	"0"	"0"	"1102"	"0.551"	"898"	"0.449"	"0"	"0"
"rerun_june2021"	"2000"	"200"	"30"	"0"	"None"	"250"	"stage2_nmse"	"0.7"	"10"	"14.285714285714286"	"139.8625"	"60.1375"	"60.38669334667334"	"21"	"189"	"1999"	"0.9995"	"1326"	"0.663"	"673"	"0.3365"	"1"	"0.0005"	"1326"	"0.663"	"673"	"0.3365"	"1"	"0.0005"
"rerun_june2021"	"2000"	"200"	"30"	"0"	"None"	"250"	"stage2_nmse"	"0.8"	"10"	"12.5"	"159.865"	"40.135"	"77.14014014014015"	"34"	"246"	"1998"	"0.999"	"1694"	"0.847"	"304"	"0.152"	"2"	"0.001"	"1693"	"0.8465"	"304"	"0.152"	"3"	"0.0015"
"rerun_june2021"	"2000"	"200"	"30"	"0"	"None"	"250"	"stage2_nmse"	"0.9"	"10"	"11.11111111111111"	"179.999"	"20.001"	"117.04982385505788"	"62"	"249"	"1987"	"0.9935"	"1974"	"0.987"	"13"	"0.0065"	"13"	"0.0065"	"1945"	"0.9725"	"13"	"0.0065"	"42"	"0.021"
"rerun_june2021"	"2000"	"200"	"40"	"0"	"None"	"250"	"stage2_nmse"	"0.1"	"10"	"100"	"19.9835"	"180.0165"	"43.91587381071607"	"1"	"164"	"1997"	"0.9985"	"279"	"0.1395"	"1718"	"0.859"	"3"	"0.0015"	"276"	"0.138"	"1721"	"0.8605"	"3"	"0.0015"
"rerun_june2021"	"2000"	"200"	"40"	"0"	"None"	"250"	"stage2_nmse"	"0.2"	"10"	"50"	"39.807"	"160.193"	"44.581"	"1"	"231"	"2000"	"1"	"640"	"0.32"	"1360"	"0.68"	"0"	"0"	"640"	"0.32"	"1360"	"0.68"	"0"	"0"
"rerun_june2021"	"2000"	"200"	"40"	"0"	"None"	"250"	"stage2_nmse"	"0.3"	"10"	"33.333333333333336"	"59.7955"	"140.2045"	"42.433716858429214"	"16"	"193"	"1999"	"0.9995"	"843"	"0.4215"	"1156"	"0.578"	"1"	"0.0005"	"843"	"0.4215"	"1156"	"0.578"	"1"	"0.0005"
"rerun_june2021"	"2000"	"200"	"40"	"0"	"None"	"250"	"stage2_nmse"	"0.4"	"10"	"25"	"80.1235"	"119.8765"	"42.049"	"17"	"164"	"2000"	"1"	"947"	"0.4735"	"1053"	"0.5265"	"0"	"0"	"947"	"0.4735"	"1053"	"0.5265"	"0"	"0"
"rerun_june2021"	"2000"	"200"	"40"	"0"	"None"	"250"	"stage2_nmse"	"0.5"	"10"	"20"	"99.882"	"100.118"	"45.0315"	"18"	"169"	"2000"	"1"	"1057"	"0.5285"	"943"	"0.4715"	"0"	"0"	"1057"	"0.5285"	"943"	"0.4715"	"0"	"0"
"rerun_june2021"	"2000"	"200"	"40"	"0"	"None"	"250"	"stage2_nmse"	"0.6"	"10"	"16.666666666666668"	"120.0545"	"79.9455"	"49.295"	"18"	"210"	"2000"	"1"	"1035"	"0.5175"	"965"	"0.4825"	"0"	"0"	"1035"	"0.5175"	"965"	"0.4825"	"0"	"0"
"rerun_june2021"	"2000"	"200"	"40"	"0"	"None"	"250"	"stage2_nmse"	"0.7"	"10"	"14.285714285714286"	"139.8535"	"60.1465"	"59.177588794397195"	"21"	"214"	"1999"	"0.9995"	"1139"	"0.5695"	"860"	"0.43"	"1"	"0.0005"	"1139"	"0.5695"	"860"	"0.43"	"1"	"0.0005"
"rerun_june2021"	"2000"	"200"	"40"	"0"	"None"	"250"	"stage2_nmse"	"0.8"	"10"	"12.5"	"159.987"	"40.013"	"79.0945945945946"	"35"	"247"	"1998"	"0.999"	"1398"	"0.699"	"600"	"0.3"	"2"	"0.001"	"1396"	"0.698"	"600"	"0.3"	"4"	"0.002"
"rerun_june2021"	"2000"	"200"	"40"	"0"	"None"	"250"	"stage2_nmse"	"0.9"	"10"	"11.11111111111111"	"179.857"	"20.143"	"129.47926267281105"	"67"	"250"	"1953"	"0.9765"	"1720"	"0.86"	"233"	"0.1165"	"47"	"0.0235"	"1672"	"0.836"	"218"	"0.109"	"110"	"0.055"
"rerun_june2021"	"2000"	"200"	"50"	"0"	"None"	"250"	"stage2_nmse"	"0.1"	"10"	"100"	"19.9985"	"180.0015"	"53.781672508763144"	"1"	"239"	"1997"	"0.9985"	"965"	"0.4825"	"1032"	"0.516"	"3"	"0.0015"	"966"	"0.483"	"1028"	"0.514"	"6"	"0.003"
"rerun_june2021"	"2000"	"200"	"50"	"0"	"None"	"250"	"stage2_nmse"	"0.2"	"10"	"50"	"39.953"	"160.047"	"45.261"	"15"	"246"	"2000"	"1"	"1027"	"0.5135"	"973"	"0.4865"	"0"	"0"	"1027"	"0.5135"	"972"	"0.486"	"1"	"0.0005"
"rerun_june2021"	"2000"	"200"	"50"	"0"	"None"	"250"	"stage2_nmse"	"0.3"	"10"	"33.333333333333336"	"59.989"	"140.011"	"44.0445"	"16"	"237"	"2000"	"1"	"1012"	"0.506"	"988"	"0.494"	"0"	"0"	"1012"	"0.506"	"988"	"0.494"	"0"	"0"
"rerun_june2021"	"2000"	"200"	"50"	"0"	"None"	"250"	"stage2_nmse"	"0.4"	"10"	"25"	"79.769"	"120.231"	"42.6855"	"17"	"177"	"2000"	"1"	"1012"	"0.506"	"988"	"0.494"	"0"	"0"	"1012"	"0.506"	"988"	"0.494"	"0"	"0"
"rerun_june2021"	"2000"	"200"	"50"	"0"	"None"	"250"	"stage2_nmse"	"0.5"	"10"	"20"	"100.078"	"99.922"	"44.8455"	"17"	"179"	"2000"	"1"	"1026"	"0.513"	"974"	"0.487"	"0"	"0"	"1026"	"0.513"	"974"	"0.487"	"0"	"0"
"rerun_june2021"	"2000"	"200"	"50"	"0"	"None"	"250"	"stage2_nmse"	"0.6"	"10"	"16.666666666666668"	"119.76"	"80.24"	"48.051"	"20"	"188"	"2000"	"1"	"976"	"0.488"	"1024"	"0.512"	"0"	"0"	"976"	"0.488"	"1024"	"0.512"	"0"	"0"
"rerun_june2021"	"2000"	"200"	"50"	"0"	"None"	"250"	"stage2_nmse"	"0.7"	"10"	"14.285714285714286"	"140.1315"	"59.8685"	"58.328"	"24"	"190"	"2000"	"1"	"1039"	"0.5195"	"961"	"0.4805"	"0"	"0"	"1039"	"0.5195"	"961"	"0.4805"	"0"	"0"
"rerun_june2021"	"2000"	"200"	"50"	"0"	"None"	"250"	"stage2_nmse"	"0.8"	"10"	"12.5"	"160.0155"	"39.9845"	"77.89534301452179"	"34"	"235"	"1997"	"0.9985"	"980"	"0.49"	"1017"	"0.5085"	"3"	"0.0015"	"979"	"0.4895"	"1016"	"0.508"	"5"	"0.0025"
"rerun_june2021"	"2000"	"200"	"50"	"0"	"None"	"250"	"stage2_nmse"	"0.9"	"10"	"11.11111111111111"	"179.988"	"20.012"	"138.74896265560167"	"63"	"249"	"1928"	"0.964"	"992"	"0.496"	"936"	"0.468"	"72"	"0.036"	"942"	"0.471"	"888"	"0.444"	"170"	"0.085"
"rerun_june2021"	"2000"	"200"	"60"	"0"	"None"	"250"	"stage2_nmse"	"0.1"	"10"	"100"	"19.859"	"180.141"	"42.5778668002003"	"1"	"198"	"1997"	"0.9985"	"1740"	"0.87"	"257"	"0.1285"	"3"	"0.0015"	"1744"	"0.872"	"251"	"0.1255"	"5"	"0.0025"
"rerun_june2021"	"2000"	"200"	"60"	"0"	"None"	"250"	"stage2_nmse"	"0.2"	"10"	"50"	"40.079"	"159.921"	"44.2555"	"11"	"235"	"2000"	"1"	"1393"	"0.6965"	"607"	"0.3035"	"0"	"0"	"1392"	"0.696"	"607"	"0.3035"	"1"	"0.0005"
"rerun_june2021"	"2000"	"200"	"60"	"0"	"None"	"250"	"stage2_nmse"	"0.3"	"10"	"33.333333333333336"	"59.9605"	"140.0395"	"42.044"	"13"	"196"	"2000"	"1"	"1162"	"0.581"	"838"	"0.419"	"0"	"0"	"1162"	"0.581"	"838"	"0.419"	"0"	"0"
"rerun_june2021"	"2000"	"200"	"60"	"0"	"None"	"250"	"stage2_nmse"	"0.4"	"10"	"25"	"79.8625"	"120.1375"	"42.272"	"16"	"159"	"2000"	"1"	"1029"	"0.5145"	"971"	"0.4855"	"0"	"0"	"1029"	"0.5145"	"971"	"0.4855"	"0"	"0"
"rerun_june2021"	"2000"	"200"	"60"	"0"	"None"	"250"	"stage2_nmse"	"0.5"	"10"	"20"	"100.021"	"99.979"	"45.082"	"15"	"186"	"2000"	"1"	"1018"	"0.509"	"982"	"0.491"	"0"	"0"	"1018"	"0.509"	"982"	"0.491"	"0"	"0"
"rerun_june2021"	"2000"	"200"	"60"	"0"	"None"	"250"	"stage2_nmse"	"0.6"	"10"	"16.666666666666668"	"119.9"	"80.1"	"50.1795"	"19"	"192"	"2000"	"1"	"953"	"0.4765"	"1047"	"0.5235"	"0"	"0"	"953"	"0.4765"	"1047"	"0.5235"	"0"	"0"
"rerun_june2021"	"2000"	"200"	"60"	"0"	"None"	"250"	"stage2_nmse"	"0.7"	"10"	"14.285714285714286"	"139.953"	"60.047"	"58.913413413413416"	"22"	"222"	"1998"	"0.999"	"840"	"0.42"	"1158"	"0.579"	"2"	"0.001"	"840"	"0.42"	"1158"	"0.579"	"2"	"0.001"
"rerun_june2021"	"2000"	"200"	"60"	"0"	"None"	"250"	"stage2_nmse"	"0.8"	"10"	"12.5"	"160.184"	"39.816"	"79.39128256513025"	"32"	"247"	"1996"	"0.998"	"595"	"0.2975"	"1401"	"0.7005"	"4"	"0.002"	"593"	"0.2965"	"1397"	"0.6985"	"10"	"0.005"
"rerun_june2021"	"2000"	"200"	"60"	"0"	"None"	"250"	"stage2_nmse"	"0.9"	"10"	"11.11111111111111"	"179.912"	"20.088"	"129.73377618804292"	"66"	"249"	"1957"	"0.9785"	"234"	"0.117"	"1723"	"0.8615"	"43"	"0.0215"	"218"	"0.109"	"1677"	"0.8385"	"105"	"0.0525"
"rerun_june2021"	"2000"	"200"	"70"	"0"	"None"	"250"	"stage2_nmse"	"0.1"	"10"	"100"	"19.988"	"180.012"	"28.182"	"1"	"160"	"2000"	"1"	"1933"	"0.9665"	"67"	"0.0335"	"0"	"0"	"1956"	"0.978"	"44"	"0.022"	"0"	"0"
"rerun_june2021"	"2000"	"200"	"70"	"0"	"None"	"250"	"stage2_nmse"	"0.2"	"10"	"50"	"40.017"	"159.983"	"38.5675"	"12"	"194"	"2000"	"1"	"1698"	"0.849"	"302"	"0.151"	"0"	"0"	"1698"	"0.849"	"302"	"0.151"	"0"	"0"
"rerun_june2021"	"2000"	"200"	"70"	"0"	"None"	"250"	"stage2_nmse"	"0.3"	"10"	"33.333333333333336"	"60.0795"	"139.9205"	"41.5165"	"12"	"161"	"2000"	"1"	"1302"	"0.651"	"698"	"0.349"	"0"	"0"	"1302"	"0.651"	"698"	"0.349"	"0"	"0"
"rerun_june2021"	"2000"	"200"	"70"	"0"	"None"	"250"	"stage2_nmse"	"0.4"	"10"	"25"	"79.831"	"120.169"	"43.556"	"15"	"166"	"2000"	"1"	"1079"	"0.5395"	"921"	"0.4605"	"0"	"0"	"1079"	"0.5395"	"921"	"0.4605"	"0"	"0"
"rerun_june2021"	"2000"	"200"	"70"	"0"	"None"	"250"	"stage2_nmse"	"0.5"	"10"	"20"	"100.1825"	"99.8175"	"46.6765"	"17"	"168"	"2000"	"1"	"998"	"0.499"	"1002"	"0.501"	"0"	"0"	"998"	"0.499"	"1002"	"0.501"	"0"	"0"
"rerun_june2021"	"2000"	"200"	"70"	"0"	"None"	"250"	"stage2_nmse"	"0.6"	"10"	"16.666666666666668"	"120.0125"	"79.9875"	"51.0245"	"19"	"166"	"2000"	"1"	"962"	"0.481"	"1038"	"0.519"	"0"	"0"	"962"	"0.481"	"1038"	"0.519"	"0"	"0"
"rerun_june2021"	"2000"	"200"	"70"	"0"	"None"	"250"	"stage2_nmse"	"0.7"	"10"	"14.285714285714286"	"140.0765"	"59.9235"	"60.5205"	"23"	"235"	"2000"	"1"	"694"	"0.347"	"1306"	"0.653"	"0"	"0"	"694"	"0.347"	"1305"	"0.6525"	"1"	"0.0005"
"rerun_june2021"	"2000"	"200"	"70"	"0"	"None"	"250"	"stage2_nmse"	"0.8"	"10"	"12.5"	"159.9955"	"40.0045"	"78.69724310776942"	"28"	"243"	"1995"	"0.9975"	"359"	"0.1795"	"1636"	"0.818"	"5"	"0.0025"	"357"	"0.1785"	"1631"	"0.8155"	"12"	"0.006"
"rerun_june2021"	"2000"	"200"	"70"	"0"	"None"	"250"	"stage2_nmse"	"0.9"	"10"	"11.11111111111111"	"180.095"	"19.905"	"117.93316582914572"	"61"	"248"	"1990"	"0.995"	"22"	"0.011"	"1968"	"0.984"	"10"	"0.005"	"22"	"0.011"	"1927"	"0.9635"	"51"	"0.0255"
"rerun_june2021"	"2000"	"200"	"80"	"0"	"None"	"250"	"stage2_nmse"	"0.1"	"10"	"100"	"20.139"	"179.861"	"18.3285"	"1"	"94"	"2000"	"1"	"1940"	"0.97"	"60"	"0.03"	"0"	"0"	"1999"	"0.9995"	"1"	"0.0005"	"0"	"0"
"rerun_june2021"	"2000"	"200"	"80"	"0"	"None"	"250"	"stage2_nmse"	"0.2"	"10"	"50"	"40.0245"	"159.9755"	"33.3615"	"1"	"173"	"2000"	"1"	"1852"	"0.926"	"148"	"0.074"	"0"	"0"	"1852"	"0.926"	"148"	"0.074"	"0"	"0"
"rerun_june2021"	"2000"	"200"	"80"	"0"	"None"	"250"	"stage2_nmse"	"0.3"	"10"	"33.333333333333336"	"60.223"	"139.777"	"41.91895947973987"	"10"	"233"	"1999"	"0.9995"	"1468"	"0.734"	"531"	"0.2655"	"1"	"0.0005"	"1468"	"0.734"	"531"	"0.2655"	"1"	"0.0005"
"rerun_june2021"	"2000"	"200"	"80"	"0"	"None"	"250"	"stage2_nmse"	"0.4"	"10"	"25"	"79.969"	"120.031"	"44.674337168584294"	"11"	"166"	"1999"	"0.9995"	"1155"	"0.5775"	"844"	"0.422"	"1"	"0.0005"	"1155"	"0.5775"	"844"	"0.422"	"1"	"0.0005"
"rerun_june2021"	"2000"	"200"	"80"	"0"	"None"	"250"	"stage2_nmse"	"0.5"	"10"	"20"	"100.0065"	"99.9935"	"50.1825"	"17"	"203"	"2000"	"1"	"978"	"0.489"	"1022"	"0.511"	"0"	"0"	"978"	"0.489"	"1022"	"0.511"	"0"	"0"
"rerun_june2021"	"2000"	"200"	"80"	"0"	"None"	"250"	"stage2_nmse"	"0.6"	"10"	"16.666666666666668"	"119.987"	"80.013"	"54.44922461230615"	"19"	"237"	"1999"	"0.9995"	"895"	"0.4475"	"1104"	"0.552"	"1"	"0.0005"	"895"	"0.4475"	"1103"	"0.5515"	"2"	"0.001"
"rerun_june2021"	"2000"	"200"	"80"	"0"	"None"	"250"	"stage2_nmse"	"0.7"	"10"	"14.285714285714286"	"139.985"	"60.015"	"64.64629258517034"	"22"	"231"	"1996"	"0.998"	"557"	"0.2785"	"1439"	"0.7195"	"4"	"0.002"	"557"	"0.2785"	"1438"	"0.719"	"5"	"0.0025"
"rerun_june2021"	"2000"	"200"	"80"	"0"	"None"	"250"	"stage2_nmse"	"0.8"	"10"	"12.5"	"160.064"	"39.936"	"79.52378567851778"	"28"	"245"	"1997"	"0.9985"	"167"	"0.0835"	"1830"	"0.915"	"3"	"0.0015"	"166"	"0.083"	"1823"	"0.9115"	"11"	"0.0055"
"rerun_june2021"	"2000"	"200"	"80"	"0"	"None"	"250"	"stage2_nmse"	"0.9"	"10"	"11.11111111111111"	"179.852"	"20.148"	"118.8392588883325"	"60"	"240"	"1997"	"0.9985"	"2"	"0.001"	"1995"	"0.9975"	"3"	"0.0015"	"2"	"0.001"	"1922"	"0.961"	"76"	"0.038"
"rerun_june2021"	"2000"	"200"	"90"	"0"	"None"	"250"	"stage2_nmse"	"0.1"	"10"	"100"	"20.08"	"179.92"	"12.2795"	"1"	"41"	"2000"	"1"	"1541"	"0.7705"	"459"	"0.2295"	"0"	"0"	"2000"	"1"	"0"	"0"	"0"	"0"
"rerun_june2021"	"2000"	"200"	"90"	"0"	"None"	"250"	"stage2_nmse"	"0.2"	"10"	"50"	"40.1705"	"159.8295"	"25.8755"	"1"	"135"	"2000"	"1"	"1864"	"0.932"	"136"	"0.068"	"0"	"0"	"1916"	"0.958"	"83"	"0.0415"	"1"	"0.0005"
"rerun_june2021"	"2000"	"200"	"90"	"0"	"None"	"250"	"stage2_nmse"	"0.3"	"10"	"33.333333333333336"	"60.0155"	"139.9845"	"41.4085"	"1"	"225"	"2000"	"1"	"1558"	"0.779"	"442"	"0.221"	"0"	"0"	"1564"	"0.782"	"433"	"0.2165"	"3"	"0.0015"
"rerun_june2021"	"2000"	"200"	"90"	"0"	"None"	"250"	"stage2_nmse"	"0.4"	"10"	"25"	"80.0135"	"119.9865"	"47.839"	"3"	"237"	"2000"	"1"	"1183"	"0.5915"	"817"	"0.4085"	"0"	"0"	"1183"	"0.5915"	"816"	"0.408"	"1"	"0.0005"
"rerun_june2021"	"2000"	"200"	"90"	"0"	"None"	"250"	"stage2_nmse"	"0.5"	"10"	"20"	"100.169"	"99.831"	"54.7335"	"10"	"205"	"2000"	"1"	"987"	"0.4935"	"1013"	"0.5065"	"0"	"0"	"987"	"0.4935"	"1012"	"0.506"	"1"	"0.0005"
"rerun_june2021"	"2000"	"200"	"90"	"0"	"None"	"250"	"stage2_nmse"	"0.6"	"10"	"16.666666666666668"	"120.006"	"79.994"	"60.87174348697395"	"10"	"239"	"1996"	"0.998"	"816"	"0.408"	"1180"	"0.59"	"4"	"0.002"	"816"	"0.408"	"1177"	"0.5885"	"7"	"0.0035"
"rerun_june2021"	"2000"	"200"	"90"	"0"	"None"	"250"	"stage2_nmse"	"0.7"	"10"	"14.285714285714286"	"140.165"	"59.835"	"71.31613226452906"	"19"	"240"	"1996"	"0.998"	"487"	"0.2435"	"1509"	"0.7545"	"4"	"0.002"	"486"	"0.243"	"1497"	"0.7485"	"17"	"0.0085"
"rerun_june2021"	"2000"	"200"	"90"	"0"	"None"	"250"	"stage2_nmse"	"0.8"	"10"	"12.5"	"160.1285"	"39.8715"	"83.65409753645048"	"2"	"243"	"1989"	"0.9945"	"99"	"0.0495"	"1890"	"0.945"	"11"	"0.0055"	"86"	"0.043"	"1857"	"0.9285"	"57"	"0.0285"
"rerun_june2021"	"2000"	"200"	"90"	"0"	"None"	"250"	"stage2_nmse"	"0.9"	"10"	"11.11111111111111"	"179.9525"	"20.0475"	"122.10526315789474"	"2"	"249"	"1995"	"0.9975"	"115"	"0.0575"	"1880"	"0.94"	"5"	"0.0025"	"0"	"0"	"1388"	"0.694"	"612"	"0.306"
